nodeId,path,pageType,role,cluster,tier,parentDependency,dependencyReady,releaseAfter,recommendedBatch,recommendedTitleDirection,recommendedH1Direction,userProblem,conversionGoal,requiredSections,optionalSections,FAQIntent,schemaTypes,contentDifferentiation
MONEY_NOTEBOOK,/รับซื้อโน๊ตบุ๊ค/,MONEY_HUB,MONEY_HUB,notebook,TIER_1_HIGH_EQUITY,CORE_BUY_HUB,PENDING,CORE_BUY_HUB,Batch 0 — Foundation & Core Money Hubs,รับซื้อโน๊ตบุ๊ค มือสอง ให้ราคาสูง ประเมินไว | เรารับซื้อ.com,รับซื้อโน๊ตบุ๊ค มือสอง — เช็กราคากลาง ทุกรุ่น ทุกสภาพ,ต้องการขายnotebook แต่ไม่ทราบมูลค่าปัจจุบัน หรือเครื่องมีตำหนิ/ไม่มีอุปกรณ์,ส่งข้อมูลรุ่น สเปก และรูปถ่ายเพื่อประเมินราคา,Category Hero | Model Valuation Matrix | Accepted Condition Tiers | 3-Step Selling Workflow | Inspection Checklist | FAQ | Location / Coverage,Price Trend Table | Common Defect Deductions,รุ่นไหนรับซื้อบ้าง / เครื่องมีตำหนิรับไหม / หักราคาอย่างไร / ใช้เอกสารอะไรบ้าง,"Service, ItemPage, FAQPage",Specific technical hardware checklist for notebook valuation; real price calculation parameters
CORE_HOME,/,HOME,HOME,core,TIER_1_HIGH_EQUITY,NONE,READY,NOW_ACTIVE,Batch 0 — Foundation & Core Money Hubs,เรารับซื้อ.com — ศูนย์รวมรับซื้อสินค้าไอที มือสอง เช็กราคา เข้าใจสภาพ แล้วค่อยตัดสินใจ,เรารับซื้อสินค้าไอที มือสอง — เช็กราคายุติธรรม ประเมินตามสภาพจริง,มีสินค้าไอทีเก่า/ไม่ได้ใช้ อยากขายแต่ไม่รู้ราคากลาง กลัวโดนกดราคา หรือหาร้านรับซื้อที่ไว้ใจได้ยาก,ส่งรูปถ่ายและสเปกเครื่องผ่าน LINE Official เพื่อรับการประเมินราคาทันที,"Hero Banner with Brand Positioning | Category Grid (8 core hubs) | Valuation Steps (""ก่อนขาย เช็กราคา เข้าใจสภาพ"") | Real Proof / Reviews | FAQ | Trust Badges",Latest Market Trends | Popular Search Models,รับซื้อสินค้าอะไรบ้าง / ประเมินราคาอย่างไร / จ่ายเงินสดหรือโอน / รับซื้อถึงที่ไหม,"WebSite, Organization, LocalBusiness",Positioning as an authoritative buyback guide rather than aggressive pawn/flea market aggregator
MONEY_CAMERA,/รับซื้อกล้อง/,MONEY_HUB,MONEY_HUB,camera,TIER_1_HIGH_EQUITY,CORE_BUY_HUB,PENDING,CORE_BUY_HUB,Batch 0 — Foundation & Core Money Hubs,รับซื้อกล้อง มือสอง ให้ราคาสูง ประเมินไว | เรารับซื้อ.com,รับซื้อกล้อง มือสอง — เช็กราคากลาง ทุกรุ่น ทุกสภาพ,ต้องการขายcamera แต่ไม่ทราบมูลค่าปัจจุบัน หรือเครื่องมีตำหนิ/ไม่มีอุปกรณ์,ส่งข้อมูลรุ่น สเปก และรูปถ่ายเพื่อประเมินราคา,Category Hero | Model Valuation Matrix | Accepted Condition Tiers | 3-Step Selling Workflow | Inspection Checklist | FAQ | Location / Coverage,Price Trend Table | Common Defect Deductions,รุ่นไหนรับซื้อบ้าง / เครื่องมีตำหนิรับไหม / หักราคาอย่างไร / ใช้เอกสารอะไรบ้าง,"Service, ItemPage, FAQPage",Specific technical hardware checklist for camera valuation; real price calculation parameters
MONEY_COMPUTER,/รับซื้อคอม/,MONEY_HUB,MONEY_HUB,computer,TIER_1_HIGH_EQUITY,CORE_BUY_HUB,PENDING,CORE_BUY_HUB,Batch 0 — Foundation & Core Money Hubs,รับซื้อคอมพิวเตอร์ มือสอง ให้ราคาสูง ประเมินไว | เรารับซื้อ.com,รับซื้อคอมพิวเตอร์ มือสอง — เช็กราคากลาง ทุกรุ่น ทุกสภาพ,ต้องการขายcomputer แต่ไม่ทราบมูลค่าปัจจุบัน หรือเครื่องมีตำหนิ/ไม่มีอุปกรณ์,ส่งข้อมูลรุ่น สเปก และรูปถ่ายเพื่อประเมินราคา,Category Hero | Model Valuation Matrix | Accepted Condition Tiers | 3-Step Selling Workflow | Inspection Checklist | FAQ | Location / Coverage,Price Trend Table | Common Defect Deductions,รุ่นไหนรับซื้อบ้าง / เครื่องมีตำหนิรับไหม / หักราคาอย่างไร / ใช้เอกสารอะไรบ้าง,"Service, ItemPage, FAQPage",Specific technical hardware checklist for computer valuation; real price calculation parameters
CORE_BUY_HUB,/รับซื้อ/,MONEY_HUB,MONEY_HUB,core,TIER_1_HIGH_EQUITY,CORE_HOME,READY,CORE_HOME,Batch 0 — Foundation & Core Money Hubs,รับซื้อสินค้าไอที มือสอง ให้ราคาสูง ประเมินไว | เรารับซื้อ.com,รับซื้อสินค้าไอที มือสอง — เช็กราคากลาง ทุกรุ่น ทุกสภาพ,ต้องการขายcore แต่ไม่ทราบมูลค่าปัจจุบัน หรือเครื่องมีตำหนิ/ไม่มีอุปกรณ์,ส่งข้อมูลรุ่น สเปก และรูปถ่ายเพื่อประเมินราคา,Category Hero | Model Valuation Matrix | Accepted Condition Tiers | 3-Step Selling Workflow | Inspection Checklist | FAQ | Location / Coverage,Price Trend Table | Common Defect Deductions,รุ่นไหนรับซื้อบ้าง / เครื่องมีตำหนิรับไหม / หักราคาอย่างไร / ใช้เอกสารอะไรบ้าง,"Service, ItemPage, FAQPage",Specific technical hardware checklist for core valuation; real price calculation parameters
CORE_PRICE_CHECK,/เช็กราคาก่อนขาย/,VALUATION_GUIDE,VALUATION_GUIDE,valuation,STRATEGIC_NEW,CORE_HOME,READY,CORE_HOME,Batch 0 — Foundation & Core Money Hubs,เช็กราคาก่อนขาย — ทำความเข้าใจเกณฑ์ประเมินราคากลาง และขั้นตอนส่งรูปประเมิน | เรารับซื้อ.com,เช็กราคาก่อนขายสินค้าไอที — ส่งรูปและสเปกเพื่อรับราคาประเมินเบื้องต้น,ต้องการทราบวิธีประเมินราคา ข้อมูลที่ต้องเตรียม และขั้นตอนการส่งรูปเช็กราคาที่ถูกต้อง,ส่งรูปถ่าย 4 มุม สเปก และอุปกรณ์ที่มีผ่าน LINE เพื่อประเมินราคา,Valuation Workflow (How We Evaluate) | Required Information Intake Checklist | Condition Factors Overview | Spec Identification Guide | Direct Line Contact,Estimated Turnaround Time | Sample Quotation Chat,ส่งรูปแล้วใช้เวลานานไหม / ประเมินราคาฟรีไหม / ราคาส่งรูปกับหน้าร้านตรงกันไหม,"Article, Guide, FAQPage",Valuation Intake & Consultation Hub (NOT an automated calculator) explaining real human appraisal criteria
CORE_HOW_TO_SELL,/วิธีขาย/,HOW_TO,HOW_TO,guide,STRATEGIC_NEW,CORE_HOME,READY,CORE_HOME,Batch 0 — Foundation & Core Money Hubs,วิธีขายและขั้นตอนการรับซื้อ — ขั้นตอนอย่างละเอียด ปลอดภัย 100% | เรารับซื้อ.com,วิธีขายและขั้นตอนการรับซื้อ,กังวลเรื่องข้อมูลส่วนตัวหลุด หรือไม่รู้วิธีเตรียมเครื่องก่อนส่งมอบ,ทำตามขั้นตอนล้างเครื่องแล้วส่งมอบเครื่องพร้อมรับเงิน,Step-by-Step Visual Checklist | Account Logout Procedures (iOS/Android/Windows/macOS) | Data Erasure Standards | FAQ,Troubleshooting Stuck Accounts | Backup Methods,ล้างข้อมูลแล้วกู้คืนได้ไหม / ลืมรหัสผ่านทำอย่างไร / ต้องเอาซิมการ์ดออกไหม,"HowTo, FAQPage",Actionable step-by-step instructions protecting customer privacy and preventing locked device rejections
CORE_ABOUT,/เกี่ยวกับ/,TRUST,TRUST,trust,STRATEGIC_NEW,CORE_HOME,READY,CORE_HOME,Batch 0 — Foundation & Core Money Hubs,เกี่ยวกับเรา | เรารับซื้อ.com,เกี่ยวกับเรา,ต้องการตรวจสอบความน่าเชื่อถือ สัญญาซื้อขาย และตัวตนของร้านก่อนตกลงขาย,เพิ่มความมั่นใจในการทำธุรกรรม ติดต่อขายสินค้าอย่างสบายใจ,Business Credentials & Verification | Fair Valuation Code of Conduct | Purchase Contract Template | Customer Testimonials | Contact Details,Store Front Images | Business Registration,มีสัญญาซื้อขายไหม / ปลอดภัยไหม / มีหน้าร้านจริงไหม,"AboutPage, Organization","Concrete proof of legitimate commercial trade, legal buyback compliance, and zero predatory pawn tactics"
CORE_CONTACT,/ติดต่อ/,TRUST,TRUST,trust,STRATEGIC_NEW,CORE_HOME,READY,CORE_HOME,Batch 0 — Foundation & Core Money Hubs,ติดต่อเรา | เรารับซื้อ.com,ติดต่อเรา,ต้องการตรวจสอบความน่าเชื่อถือ สัญญาซื้อขาย และตัวตนของร้านก่อนตกลงขาย,เพิ่มความมั่นใจในการทำธุรกรรม ติดต่อขายสินค้าอย่างสบายใจ,Business Credentials & Verification | Fair Valuation Code of Conduct | Purchase Contract Template | Customer Testimonials | Contact Details,Store Front Images | Business Registration,มีสัญญาซื้อขายไหม / ปลอดภัยไหม / มีหน้าร้านจริงไหม,"AboutPage, Organization","Concrete proof of legitimate commercial trade, legal buyback compliance, and zero predatory pawn tactics"
TRUST_PROOF,/ผลงาน/,TRUST,TRUST,trust,STRATEGIC_NEW,CORE_ABOUT,PENDING,CORE_ABOUT,Batch 0 — Foundation & Core Money Hubs,ผลงานและความน่าเชื่อถือ | เรารับซื้อ.com,ผลงานและความน่าเชื่อถือ,ต้องการตรวจสอบความน่าเชื่อถือ สัญญาซื้อขาย และตัวตนของร้านก่อนตกลงขาย,เพิ่มความมั่นใจในการทำธุรกรรม ติดต่อขายสินค้าอย่างสบายใจ,Business Credentials & Verification | Fair Valuation Code of Conduct | Purchase Contract Template | Customer Testimonials | Contact Details,Store Front Images | Business Registration,มีสัญญาซื้อขายไหม / ปลอดภัยไหม / มีหน้าร้านจริงไหม,"AboutPage, Organization","Concrete proof of legitimate commercial trade, legal buyback compliance, and zero predatory pawn tactics"
MONEY_MACBOOK,/รับซื้อแมคบุ๊ค/,MONEY_HUB,MONEY_HUB,macbook,TIER_1_HIGH_EQUITY,CORE_BUY_HUB,PENDING,CORE_BUY_HUB,Batch 0 — Foundation & Core Money Hubs,รับซื้อแมคบุ๊ค มือสอง ให้ราคาสูง ประเมินไว | เรารับซื้อ.com,รับซื้อแมคบุ๊ค มือสอง — เช็กราคากลาง ทุกรุ่น ทุกสภาพ,ต้องการขายmacbook แต่ไม่ทราบมูลค่าปัจจุบัน หรือเครื่องมีตำหนิ/ไม่มีอุปกรณ์,ส่งข้อมูลรุ่น สเปก และรูปถ่ายเพื่อประเมินราคา,Category Hero | Model Valuation Matrix | Accepted Condition Tiers | 3-Step Selling Workflow | Inspection Checklist | FAQ | Location / Coverage,Price Trend Table | Common Defect Deductions,รุ่นไหนรับซื้อบ้าง / เครื่องมีตำหนิรับไหม / หักราคาอย่างไร / ใช้เอกสารอะไรบ้าง,"Service, ItemPage, FAQPage",Specific technical hardware checklist for macbook valuation; real price calculation parameters
MONEY_IPHONE,/รับซื้อไอโฟน/,MONEY_HUB,MONEY_HUB,iphone,TIER_1_HIGH_EQUITY,CORE_BUY_HUB,PENDING,CORE_BUY_HUB,Batch 0 — Foundation & Core Money Hubs,รับซื้อไอโฟน มือสอง ให้ราคาสูง ประเมินไว | เรารับซื้อ.com,รับซื้อไอโฟน มือสอง — เช็กราคากลาง ทุกรุ่น ทุกสภาพ,ต้องการขายiphone แต่ไม่ทราบมูลค่าปัจจุบัน หรือเครื่องมีตำหนิ/ไม่มีอุปกรณ์,ส่งข้อมูลรุ่น สเปก และรูปถ่ายเพื่อประเมินราคา,Category Hero | Model Valuation Matrix | Accepted Condition Tiers | 3-Step Selling Workflow | Inspection Checklist | FAQ | Location / Coverage,Price Trend Table | Common Defect Deductions,รุ่นไหนรับซื้อบ้าง / เครื่องมีตำหนิรับไหม / หักราคาอย่างไร / ใช้เอกสารอะไรบ้าง,"Service, ItemPage, FAQPage",Specific technical hardware checklist for iphone valuation; real price calculation parameters
MONEY_IPAD,/รับซื้อไอแพด/,MONEY_HUB,MONEY_HUB,ipad,TIER_1_HIGH_EQUITY,CORE_BUY_HUB,PENDING,CORE_BUY_HUB,Batch 0 — Foundation & Core Money Hubs,รับซื้อไอแพด มือสอง ให้ราคาสูง ประเมินไว | เรารับซื้อ.com,รับซื้อไอแพด มือสอง — เช็กราคากลาง ทุกรุ่น ทุกสภาพ,ต้องการขายipad แต่ไม่ทราบมูลค่าปัจจุบัน หรือเครื่องมีตำหนิ/ไม่มีอุปกรณ์,ส่งข้อมูลรุ่น สเปก และรูปถ่ายเพื่อประเมินราคา,Category Hero | Model Valuation Matrix | Accepted Condition Tiers | 3-Step Selling Workflow | Inspection Checklist | FAQ | Location / Coverage,Price Trend Table | Common Defect Deductions,รุ่นไหนรับซื้อบ้าง / เครื่องมีตำหนิรับไหม / หักราคาอย่างไร / ใช้เอกสารอะไรบ้าง,"Service, ItemPage, FAQPage",Specific technical hardware checklist for ipad valuation; real price calculation parameters
MONEY_SPEAKER,/รับซื้อลำโพง/,MONEY_HUB,MONEY_HUB,audio,TIER_1_HIGH_EQUITY,CORE_BUY_HUB,PENDING,CORE_BUY_HUB,Batch 0 — Foundation & Core Money Hubs,รับซื้อลำโพง มือสอง ให้ราคาสูง ประเมินไว | เรารับซื้อ.com,รับซื้อลำโพง มือสอง — เช็กราคากลาง ทุกรุ่น ทุกสภาพ,ต้องการขายaudio แต่ไม่ทราบมูลค่าปัจจุบัน หรือเครื่องมีตำหนิ/ไม่มีอุปกรณ์,ส่งข้อมูลรุ่น สเปก และรูปถ่ายเพื่อประเมินราคา,Category Hero | Model Valuation Matrix | Accepted Condition Tiers | 3-Step Selling Workflow | Inspection Checklist | FAQ | Location / Coverage,Price Trend Table | Common Defect Deductions,รุ่นไหนรับซื้อบ้าง / เครื่องมีตำหนิรับไหม / หักราคาอย่างไร / ใช้เอกสารอะไรบ้าง,"Service, ItemPage, FAQPage",Specific technical hardware checklist for audio valuation; real price calculation parameters
LOCAL_NOTEBOOK_UBON,/รับซื้อโน๊ตบุ๊คอุบล-notebook-laptop-จ/,LOCAL_MONEY,LOCAL_MONEY,notebook,TIER_1_HIGH_EQUITY,MONEY_NOTEBOOK,PENDING,MONEY_NOTEBOOK,Batch 1 — High-Equity Historical Money URLs,รับซื้อโน๊ตบุ๊ค อุบลราชธานี มือสอง รับซื้อถึงที่ ให้ราคาสูง | เรารับซื้อ.com,รับซื้อโน๊ตบุ๊ค อุบลราชธานี มือสอง — บริการรับซื้อถึงบ้าน จ่ายสดทันที,อยู่ในพื้นที่จังหวัด/อำเภอเป้าหมาย ต้องการขายสินค้าใกล้บ้านโดยไม่ต้องเดินทางไกล,นัดหมายเวลารับซื้อถึงที่ หรือส่งพิกัดเพื่อประเมินราคา,Local Area Hero & Coverage | Local Landmark / Service Points | Hardware Valuation Criteria | On-site Pickup Process | Local FAQ | Fast Contact CTA,Same-day Pickup Schedules | Nearby District Travel Policies,รับซื้อถึงที่ในอำเภอไหนบ้าง / มีค่าเดินทางไหม / นัดรับจุดไหนได้บ้าง / จ่ายเงินทันทีไหม,"Service, LocalBusiness, FAQPage","Verified local geography, distinct meeting locations, actual district service boundaries (no cookie-cutter text)"
LOCAL_COMPUTER_UDON,/รับซื้อคอม-อุดรธานี/,LOCAL_MONEY,LOCAL_MONEY,computer,TIER_1_HIGH_EQUITY,MONEY_COMPUTER,PENDING,MONEY_COMPUTER,Batch 1 — High-Equity Historical Money URLs,รับซื้อคอม อุดรธานี มือสอง รับซื้อถึงที่ ให้ราคาสูง | เรารับซื้อ.com,รับซื้อคอม อุดรธานี มือสอง — บริการรับซื้อถึงบ้าน จ่ายสดทันที,อยู่ในพื้นที่จังหวัด/อำเภอเป้าหมาย ต้องการขายสินค้าใกล้บ้านโดยไม่ต้องเดินทางไกล,นัดหมายเวลารับซื้อถึงที่ หรือส่งพิกัดเพื่อประเมินราคา,Local Area Hero & Coverage | Local Landmark / Service Points | Hardware Valuation Criteria | On-site Pickup Process | Local FAQ | Fast Contact CTA,Same-day Pickup Schedules | Nearby District Travel Policies,รับซื้อถึงที่ในอำเภอไหนบ้าง / มีค่าเดินทางไหม / นัดรับจุดไหนได้บ้าง / จ่ายเงินทันทีไหม,"Service, LocalBusiness, FAQPage","Verified local geography, distinct meeting locations, actual district service boundaries (no cookie-cutter text)"
LOCAL_COMPUTER_KHONKAEN,/รับซื้อคอม-ขอนแก่น/,LOCAL_MONEY,LOCAL_MONEY,computer,TIER_1_HIGH_EQUITY,MONEY_COMPUTER,PENDING,MONEY_COMPUTER,Batch 1 — High-Equity Historical Money URLs,รับซื้อคอม ขอนแก่น มือสอง รับซื้อถึงที่ ให้ราคาสูง | เรารับซื้อ.com,รับซื้อคอม ขอนแก่น มือสอง — บริการรับซื้อถึงบ้าน จ่ายสดทันที,อยู่ในพื้นที่จังหวัด/อำเภอเป้าหมาย ต้องการขายสินค้าใกล้บ้านโดยไม่ต้องเดินทางไกล,นัดหมายเวลารับซื้อถึงที่ หรือส่งพิกัดเพื่อประเมินราคา,Local Area Hero & Coverage | Local Landmark / Service Points | Hardware Valuation Criteria | On-site Pickup Process | Local FAQ | Fast Contact CTA,Same-day Pickup Schedules | Nearby District Travel Policies,รับซื้อถึงที่ในอำเภอไหนบ้าง / มีค่าเดินทางไหม / นัดรับจุดไหนได้บ้าง / จ่ายเงินทันทีไหม,"Service, LocalBusiness, FAQPage","Verified local geography, distinct meeting locations, actual district service boundaries (no cookie-cutter text)"
LOCAL_PHONE_REGIONAL,/รับซื้อโทรศัพท์มือถือ-จ/,LOCAL_MONEY,LOCAL_MONEY,iphone,TIER_1_HIGH_EQUITY,MONEY_IPHONE,PENDING,MONEY_IPHONE,Batch 1 — High-Equity Historical Money URLs,รับซื้อโทรศัพท์มือถือ มือสอง รับซื้อถึงที่ ให้ราคาสูง | เรารับซื้อ.com,รับซื้อโทรศัพท์มือถือ มือสอง — บริการรับซื้อถึงบ้าน จ่ายสดทันที,อยู่ในพื้นที่จังหวัด/อำเภอเป้าหมาย ต้องการขายสินค้าใกล้บ้านโดยไม่ต้องเดินทางไกล,นัดหมายเวลารับซื้อถึงที่ หรือส่งพิกัดเพื่อประเมินราคา,Local Area Hero & Coverage | Local Landmark / Service Points | Hardware Valuation Criteria | On-site Pickup Process | Local FAQ | Fast Contact CTA,Same-day Pickup Schedules | Nearby District Travel Policies,รับซื้อถึงที่ในอำเภอไหนบ้าง / มีค่าเดินทางไหม / นัดรับจุดไหนได้บ้าง / จ่ายเงินทันทีไหม,"Service, LocalBusiness, FAQPage","Verified local geography, distinct meeting locations, actual district service boundaries (no cookie-cutter text)"
LOCAL_NOTEBOOK_BURIRAM,/รับซื้อโน๊ตบุ๊ค-บุรีรัม/,LOCAL_MONEY,LOCAL_MONEY,notebook,TIER_1_HIGH_EQUITY,MONEY_NOTEBOOK,PENDING,MONEY_NOTEBOOK,Batch 1 — High-Equity Historical Money URLs,รับซื้อโน๊ตบุ๊ค บุรีรัมย์ มือสอง รับซื้อถึงที่ ให้ราคาสูง | เรารับซื้อ.com,รับซื้อโน๊ตบุ๊ค บุรีรัมย์ มือสอง — บริการรับซื้อถึงบ้าน จ่ายสดทันที,อยู่ในพื้นที่จังหวัด/อำเภอเป้าหมาย ต้องการขายสินค้าใกล้บ้านโดยไม่ต้องเดินทางไกล,นัดหมายเวลารับซื้อถึงที่ หรือส่งพิกัดเพื่อประเมินราคา,Local Area Hero & Coverage | Local Landmark / Service Points | Hardware Valuation Criteria | On-site Pickup Process | Local FAQ | Fast Contact CTA,Same-day Pickup Schedules | Nearby District Travel Policies,รับซื้อถึงที่ในอำเภอไหนบ้าง / มีค่าเดินทางไหม / นัดรับจุดไหนได้บ้าง / จ่ายเงินทันทีไหม,"Service, LocalBusiness, FAQPage","Verified local geography, distinct meeting locations, actual district service boundaries (no cookie-cutter text)"
LOCAL_NOTEBOOK_LOEI,/รับซื้อโน๊ตบุ๊ค-เลย/,LOCAL_MONEY,LOCAL_MONEY,notebook,TIER_1_HIGH_EQUITY,MONEY_NOTEBOOK,PENDING,MONEY_NOTEBOOK,Batch 1 — High-Equity Historical Money URLs,รับซื้อโน๊ตบุ๊ค เลย มือสอง รับซื้อถึงที่ ให้ราคาสูง | เรารับซื้อ.com,รับซื้อโน๊ตบุ๊ค เลย มือสอง — บริการรับซื้อถึงบ้าน จ่ายสดทันที,อยู่ในพื้นที่จังหวัด/อำเภอเป้าหมาย ต้องการขายสินค้าใกล้บ้านโดยไม่ต้องเดินทางไกล,นัดหมายเวลารับซื้อถึงที่ หรือส่งพิกัดเพื่อประเมินราคา,Local Area Hero & Coverage | Local Landmark / Service Points | Hardware Valuation Criteria | On-site Pickup Process | Local FAQ | Fast Contact CTA,Same-day Pickup Schedules | Nearby District Travel Policies,รับซื้อถึงที่ในอำเภอไหนบ้าง / มีค่าเดินทางไหม / นัดรับจุดไหนได้บ้าง / จ่ายเงินทันทีไหม,"Service, LocalBusiness, FAQPage","Verified local geography, distinct meeting locations, actual district service boundaries (no cookie-cutter text)"
LOCAL_PHONE_UBON,/รับซื้อมือถือ-อุบล/,LOCAL_MONEY,LOCAL_MONEY,iphone,TIER_1_HIGH_EQUITY,MONEY_IPHONE,PENDING,MONEY_IPHONE,Batch 1 — High-Equity Historical Money URLs,รับซื้อมือถือ อุบลราชธานี มือสอง รับซื้อถึงที่ ให้ราคาสูง | เรารับซื้อ.com,รับซื้อมือถือ อุบลราชธานี มือสอง — บริการรับซื้อถึงบ้าน จ่ายสดทันที,อยู่ในพื้นที่จังหวัด/อำเภอเป้าหมาย ต้องการขายสินค้าใกล้บ้านโดยไม่ต้องเดินทางไกล,นัดหมายเวลารับซื้อถึงที่ หรือส่งพิกัดเพื่อประเมินราคา,Local Area Hero & Coverage | Local Landmark / Service Points | Hardware Valuation Criteria | On-site Pickup Process | Local FAQ | Fast Contact CTA,Same-day Pickup Schedules | Nearby District Travel Policies,รับซื้อถึงที่ในอำเภอไหนบ้าง / มีค่าเดินทางไหม / นัดรับจุดไหนได้บ้าง / จ่ายเงินทันทีไหม,"Service, LocalBusiness, FAQPage","Verified local geography, distinct meeting locations, actual district service boundaries (no cookie-cutter text)"
LOCAL_NOTEBOOK_CHAIYAPHUM,/รับซื้อโน๊ตบุ๊ค-ชัยภูมิ/,LOCAL_MONEY,LOCAL_MONEY,notebook,TIER_1_HIGH_EQUITY,MONEY_NOTEBOOK,PENDING,MONEY_NOTEBOOK,Batch 1 — High-Equity Historical Money URLs,รับซื้อโน๊ตบุ๊ค ชัยภูมิ มือสอง รับซื้อถึงที่ ให้ราคาสูง | เรารับซื้อ.com,รับซื้อโน๊ตบุ๊ค ชัยภูมิ มือสอง — บริการรับซื้อถึงบ้าน จ่ายสดทันที,อยู่ในพื้นที่จังหวัด/อำเภอเป้าหมาย ต้องการขายสินค้าใกล้บ้านโดยไม่ต้องเดินทางไกล,นัดหมายเวลารับซื้อถึงที่ หรือส่งพิกัดเพื่อประเมินราคา,Local Area Hero & Coverage | Local Landmark / Service Points | Hardware Valuation Criteria | On-site Pickup Process | Local FAQ | Fast Contact CTA,Same-day Pickup Schedules | Nearby District Travel Policies,รับซื้อถึงที่ในอำเภอไหนบ้าง / มีค่าเดินทางไหม / นัดรับจุดไหนได้บ้าง / จ่ายเงินทันทีไหม,"Service, LocalBusiness, FAQPage","Verified local geography, distinct meeting locations, actual district service boundaries (no cookie-cutter text)"
LOCAL_NOTEBOOK_PHON,/รับซื้อ-notebook-อำเภอพล-ขอนแก่น/,LOCAL_MONEY,LOCAL_MONEY,notebook,TIER_1_HIGH_EQUITY,MONEY_NOTEBOOK,PENDING,MONEY_NOTEBOOK,Batch 1 — High-Equity Historical Money URLs,รับซื้อโน๊ตบุ๊ค อำเภอพล ขอนแก่น มือสอง รับซื้อถึงที่ ให้ราคาสูง | เรารับซื้อ.com,รับซื้อโน๊ตบุ๊ค อำเภอพล ขอนแก่น มือสอง — บริการรับซื้อถึงบ้าน จ่ายสดทันที,อยู่ในพื้นที่จังหวัด/อำเภอเป้าหมาย ต้องการขายสินค้าใกล้บ้านโดยไม่ต้องเดินทางไกล,นัดหมายเวลารับซื้อถึงที่ หรือส่งพิกัดเพื่อประเมินราคา,Local Area Hero & Coverage | Local Landmark / Service Points | Hardware Valuation Criteria | On-site Pickup Process | Local FAQ | Fast Contact CTA,Same-day Pickup Schedules | Nearby District Travel Policies,รับซื้อถึงที่ในอำเภอไหนบ้าง / มีค่าเดินทางไหม / นัดรับจุดไหนได้บ้าง / จ่ายเงินทันทีไหม,"Service, LocalBusiness, FAQPage","Verified local geography, distinct meeting locations, actual district service boundaries (no cookie-cutter text)"
MONEY_SCRAP,/รับซื้อซากคอมพิวเตอร์/,MONEY_HUB,MONEY_HUB,enterprise_scrap,TIER_1_HIGH_EQUITY,CORE_BUY_HUB,PENDING,CORE_BUY_HUB,Batch 1 — High-Equity Historical Money URLs,รับซื้อซากคอมพิวเตอร์ มือสอง ให้ราคาสูง ประเมินไว | เรารับซื้อ.com,รับซื้อซากคอมพิวเตอร์ มือสอง — เช็กราคากลาง ทุกรุ่น ทุกสภาพ,ต้องการขายenterprise_scrap แต่ไม่ทราบมูลค่าปัจจุบัน หรือเครื่องมีตำหนิ/ไม่มีอุปกรณ์,ส่งข้อมูลรุ่น สเปก และรูปถ่ายเพื่อประเมินราคา,Category Hero | Model Valuation Matrix | Accepted Condition Tiers | 3-Step Selling Workflow | Inspection Checklist | FAQ | Location / Coverage,Price Trend Table | Common Defect Deductions,รุ่นไหนรับซื้อบ้าง / เครื่องมีตำหนิรับไหม / หักราคาอย่างไร / ใช้เอกสารอะไรบ้าง,"Service, ItemPage, FAQPage",Specific technical hardware checklist for enterprise_scrap valuation; real price calculation parameters
LOCAL_IPHONE_SARAKHAM,/รับซื้อไอโฟน-มหาสารคาม/,LOCAL_MONEY,LOCAL_MONEY,iphone,TIER_1_HIGH_EQUITY,MONEY_IPHONE,PENDING,MONEY_IPHONE,Batch 1 — High-Equity Historical Money URLs,รับซื้อไอโฟน มหาสารคาม มือสอง รับซื้อถึงที่ ให้ราคาสูง | เรารับซื้อ.com,รับซื้อไอโฟน มหาสารคาม มือสอง — บริการรับซื้อถึงบ้าน จ่ายสดทันที,อยู่ในพื้นที่จังหวัด/อำเภอเป้าหมาย ต้องการขายสินค้าใกล้บ้านโดยไม่ต้องเดินทางไกล,นัดหมายเวลารับซื้อถึงที่ หรือส่งพิกัดเพื่อประเมินราคา,Local Area Hero & Coverage | Local Landmark / Service Points | Hardware Valuation Criteria | On-site Pickup Process | Local FAQ | Fast Contact CTA,Same-day Pickup Schedules | Nearby District Travel Policies,รับซื้อถึงที่ในอำเภอไหนบ้าง / มีค่าเดินทางไหม / นัดรับจุดไหนได้บ้าง / จ่ายเงินทันทีไหม,"Service, LocalBusiness, FAQPage","Verified local geography, distinct meeting locations, actual district service boundaries (no cookie-cutter text)"
LOCAL_NOTEBOOK_SAKON,/รับซื้อโน๊ตบุ๊ค-สกลนคร/,LOCAL_MONEY,LOCAL_MONEY,notebook,TIER_1_HIGH_EQUITY,MONEY_NOTEBOOK,PENDING,MONEY_NOTEBOOK,Batch 1 — High-Equity Historical Money URLs,รับซื้อโน๊ตบุ๊ค สกลนคร มือสอง รับซื้อถึงที่ ให้ราคาสูง | เรารับซื้อ.com,รับซื้อโน๊ตบุ๊ค สกลนคร มือสอง — บริการรับซื้อถึงบ้าน จ่ายสดทันที,อยู่ในพื้นที่จังหวัด/อำเภอเป้าหมาย ต้องการขายสินค้าใกล้บ้านโดยไม่ต้องเดินทางไกล,นัดหมายเวลารับซื้อถึงที่ หรือส่งพิกัดเพื่อประเมินราคา,Local Area Hero & Coverage | Local Landmark / Service Points | Hardware Valuation Criteria | On-site Pickup Process | Local FAQ | Fast Contact CTA,Same-day Pickup Schedules | Nearby District Travel Policies,รับซื้อถึงที่ในอำเภอไหนบ้าง / มีค่าเดินทางไหม / นัดรับจุดไหนได้บ้าง / จ่ายเงินทันทีไหม,"Service, LocalBusiness, FAQPage","Verified local geography, distinct meeting locations, actual district service boundaries (no cookie-cutter text)"
LOCAL_NOTEBOOK_NAKHON_PHANOM,/รับซื้อโน๊ตบุ๊ค-นครพนม/,LOCAL_MONEY,LOCAL_MONEY,notebook,TIER_1_HIGH_EQUITY,MONEY_NOTEBOOK,PENDING,MONEY_NOTEBOOK,Batch 1 — High-Equity Historical Money URLs,รับซื้อโน๊ตบุ๊ค นครพนม มือสอง รับซื้อถึงที่ ให้ราคาสูง | เรารับซื้อ.com,รับซื้อโน๊ตบุ๊ค นครพนม มือสอง — บริการรับซื้อถึงบ้าน จ่ายสดทันที,อยู่ในพื้นที่จังหวัด/อำเภอเป้าหมาย ต้องการขายสินค้าใกล้บ้านโดยไม่ต้องเดินทางไกล,นัดหมายเวลารับซื้อถึงที่ หรือส่งพิกัดเพื่อประเมินราคา,Local Area Hero & Coverage | Local Landmark / Service Points | Hardware Valuation Criteria | On-site Pickup Process | Local FAQ | Fast Contact CTA,Same-day Pickup Schedules | Nearby District Travel Policies,รับซื้อถึงที่ในอำเภอไหนบ้าง / มีค่าเดินทางไหม / นัดรับจุดไหนได้บ้าง / จ่ายเงินทันทีไหม,"Service, LocalBusiness, FAQPage","Verified local geography, distinct meeting locations, actual district service boundaries (no cookie-cutter text)"
LOCAL_NOTEBOOK_KORAT,/รับซื้อโน๊ตบุ๊ค-นครราชส/,LOCAL_MONEY,LOCAL_MONEY,notebook,TIER_1_HIGH_EQUITY,MONEY_NOTEBOOK,PENDING,MONEY_NOTEBOOK,Batch 1 — High-Equity Historical Money URLs,รับซื้อโน๊ตบุ๊ค นครราชสีมา มือสอง รับซื้อถึงที่ ให้ราคาสูง | เรารับซื้อ.com,รับซื้อโน๊ตบุ๊ค นครราชสีมา มือสอง — บริการรับซื้อถึงบ้าน จ่ายสดทันที,อยู่ในพื้นที่จังหวัด/อำเภอเป้าหมาย ต้องการขายสินค้าใกล้บ้านโดยไม่ต้องเดินทางไกล,นัดหมายเวลารับซื้อถึงที่ หรือส่งพิกัดเพื่อประเมินราคา,Local Area Hero & Coverage | Local Landmark / Service Points | Hardware Valuation Criteria | On-site Pickup Process | Local FAQ | Fast Contact CTA,Same-day Pickup Schedules | Nearby District Travel Policies,รับซื้อถึงที่ในอำเภอไหนบ้าง / มีค่าเดินทางไหม / นัดรับจุดไหนได้บ้าง / จ่ายเงินทันทีไหม,"Service, LocalBusiness, FAQPage","Verified local geography, distinct meeting locations, actual district service boundaries (no cookie-cutter text)"
LOCAL_MACBOOK_KHONKAEN,/รับซื้อเมืองขอนแก่น/,LOCAL_MONEY,LOCAL_MONEY,macbook,TIER_1_HIGH_EQUITY,MONEY_MACBOOK,PENDING,MONEY_MACBOOK,Batch 1 — High-Equity Historical Money URLs,รับซื้อ MacBook ขอนแก่น มือสอง รับซื้อถึงที่ ให้ราคาสูง | เรารับซื้อ.com,รับซื้อ MacBook ขอนแก่น มือสอง — บริการรับซื้อถึงบ้าน จ่ายสดทันที,อยู่ในพื้นที่จังหวัด/อำเภอเป้าหมาย ต้องการขายสินค้าใกล้บ้านโดยไม่ต้องเดินทางไกล,นัดหมายเวลารับซื้อถึงที่ หรือส่งพิกัดเพื่อประเมินราคา,Local Area Hero & Coverage | Local Landmark / Service Points | Hardware Valuation Criteria | On-site Pickup Process | Local FAQ | Fast Contact CTA,Same-day Pickup Schedules | Nearby District Travel Policies,รับซื้อถึงที่ในอำเภอไหนบ้าง / มีค่าเดินทางไหม / นัดรับจุดไหนได้บ้าง / จ่ายเงินทันทีไหม,"Service, LocalBusiness, FAQPage","Verified local geography, distinct meeting locations, actual district service boundaries (no cookie-cutter text)"
LOCAL_SPEAKER_UDON,/รับซื้อลำโพง-อุดรธานี/,LOCAL_MONEY,LOCAL_MONEY,audio,TIER_1_HIGH_EQUITY,MONEY_SPEAKER,READY,NOW_ACTIVE,Batch 1 — High-Equity Historical Money URLs,รับซื้อลำโพง อุดรธานี มือสอง รับซื้อถึงที่ ให้ราคาสูง | เรารับซื้อ.com,รับซื้อลำโพง อุดรธานี มือสอง — บริการรับซื้อถึงบ้าน จ่ายสดทันที,อยู่ในพื้นที่จังหวัด/อำเภอเป้าหมาย ต้องการขายสินค้าใกล้บ้านโดยไม่ต้องเดินทางไกล,นัดหมายเวลารับซื้อถึงที่ หรือส่งพิกัดเพื่อประเมินราคา,Local Area Hero & Coverage | Local Landmark / Service Points | Hardware Valuation Criteria | On-site Pickup Process | Local FAQ | Fast Contact CTA,Same-day Pickup Schedules | Nearby District Travel Policies,รับซื้อถึงที่ในอำเภอไหนบ้าง / มีค่าเดินทางไหม / นัดรับจุดไหนได้บ้าง / จ่ายเงินทันทีไหม,"Service, LocalBusiness, FAQPage","Verified local geography, distinct meeting locations, actual district service boundaries (no cookie-cutter text)"
LOCAL_SPEAKER_SARAKHAM,/รับซื้อลำโพง-สารคาม/,LOCAL_MONEY,LOCAL_MONEY,audio,TIER_1_HIGH_EQUITY,MONEY_SPEAKER,READY,NOW_ACTIVE,Batch 1 — High-Equity Historical Money URLs,รับซื้อลำโพง มหาสารคาม มือสอง รับซื้อถึงที่ ให้ราคาสูง | เรารับซื้อ.com,รับซื้อลำโพง มหาสารคาม มือสอง — บริการรับซื้อถึงบ้าน จ่ายสดทันที,อยู่ในพื้นที่จังหวัด/อำเภอเป้าหมาย ต้องการขายสินค้าใกล้บ้านโดยไม่ต้องเดินทางไกล,นัดหมายเวลารับซื้อถึงที่ หรือส่งพิกัดเพื่อประเมินราคา,Local Area Hero & Coverage | Local Landmark / Service Points | Hardware Valuation Criteria | On-site Pickup Process | Local FAQ | Fast Contact CTA,Same-day Pickup Schedules | Nearby District Travel Policies,รับซื้อถึงที่ในอำเภอไหนบ้าง / มีค่าเดินทางไหม / นัดรับจุดไหนได้บ้าง / จ่ายเงินทันทีไหม,"Service, LocalBusiness, FAQPage","Verified local geography, distinct meeting locations, actual district service boundaries (no cookie-cutter text)"
LOCAL_NOTEBOOK_YASOTHON,/รับซื้อโน๊ตบุ๊ค-notebook-ยโสธร/,LOCAL_MONEY,LOCAL_MONEY,notebook,TIER_1_HIGH_EQUITY,MONEY_NOTEBOOK,PENDING,MONEY_NOTEBOOK,Batch 2 — Notebook & Computer/Enterprise,รับซื้อโน๊ตบุ๊ค ยโสธร มือสอง รับซื้อถึงที่ ให้ราคาสูง | เรารับซื้อ.com,รับซื้อโน๊ตบุ๊ค ยโสธร มือสอง — บริการรับซื้อถึงบ้าน จ่ายสดทันที,อยู่ในพื้นที่จังหวัด/อำเภอเป้าหมาย ต้องการขายสินค้าใกล้บ้านโดยไม่ต้องเดินทางไกล,นัดหมายเวลารับซื้อถึงที่ หรือส่งพิกัดเพื่อประเมินราคา,Local Area Hero & Coverage | Local Landmark / Service Points | Hardware Valuation Criteria | On-site Pickup Process | Local FAQ | Fast Contact CTA,Same-day Pickup Schedules | Nearby District Travel Policies,รับซื้อถึงที่ในอำเภอไหนบ้าง / มีค่าเดินทางไหม / นัดรับจุดไหนได้บ้าง / จ่ายเงินทันทีไหม,"Service, LocalBusiness, FAQPage","Verified local geography, distinct meeting locations, actual district service boundaries (no cookie-cutter text)"
LOCAL_NOTEBOOK_KHONKAEN,/รับซื้อโน๊ตบุ๊ค-ขอนแก่น/,LOCAL_MONEY,LOCAL_MONEY,notebook,TIER_2_MODERATE_EQUITY,MONEY_NOTEBOOK,PENDING,MONEY_NOTEBOOK,Batch 2 — Notebook & Computer/Enterprise,รับซื้อโน๊ตบุ๊ค ขอนแก่น มือสอง รับซื้อถึงที่ ให้ราคาสูง | เรารับซื้อ.com,รับซื้อโน๊ตบุ๊ค ขอนแก่น มือสอง — บริการรับซื้อถึงบ้าน จ่ายสดทันที,อยู่ในพื้นที่จังหวัด/อำเภอเป้าหมาย ต้องการขายสินค้าใกล้บ้านโดยไม่ต้องเดินทางไกล,นัดหมายเวลารับซื้อถึงที่ หรือส่งพิกัดเพื่อประเมินราคา,Local Area Hero & Coverage | Local Landmark / Service Points | Hardware Valuation Criteria | On-site Pickup Process | Local FAQ | Fast Contact CTA,Same-day Pickup Schedules | Nearby District Travel Policies,รับซื้อถึงที่ในอำเภอไหนบ้าง / มีค่าเดินทางไหม / นัดรับจุดไหนได้บ้าง / จ่ายเงินทันทีไหม,"Service, LocalBusiness, FAQPage","Verified local geography, distinct meeting locations, actual district service boundaries (no cookie-cutter text)"
LOCAL_NOTEBOOK_KALASIN,/รับซื้อโน๊ตบุ๊ค-กาฬสินธ/,LOCAL_MONEY,LOCAL_MONEY,notebook,TIER_2_MODERATE_EQUITY,MONEY_NOTEBOOK,PENDING,MONEY_NOTEBOOK,Batch 2 — Notebook & Computer/Enterprise,รับซื้อโน๊ตบุ๊ค กาฬสินธุ์ มือสอง รับซื้อถึงที่ ให้ราคาสูง | เรารับซื้อ.com,รับซื้อโน๊ตบุ๊ค กาฬสินธุ์ มือสอง — บริการรับซื้อถึงบ้าน จ่ายสดทันที,อยู่ในพื้นที่จังหวัด/อำเภอเป้าหมาย ต้องการขายสินค้าใกล้บ้านโดยไม่ต้องเดินทางไกล,นัดหมายเวลารับซื้อถึงที่ หรือส่งพิกัดเพื่อประเมินราคา,Local Area Hero & Coverage | Local Landmark / Service Points | Hardware Valuation Criteria | On-site Pickup Process | Local FAQ | Fast Contact CTA,Same-day Pickup Schedules | Nearby District Travel Policies,รับซื้อถึงที่ในอำเภอไหนบ้าง / มีค่าเดินทางไหม / นัดรับจุดไหนได้บ้าง / จ่ายเงินทันทีไหม,"Service, LocalBusiness, FAQPage","Verified local geography, distinct meeting locations, actual district service boundaries (no cookie-cutter text)"
LOCAL_NOTEBOOK_CHUMPHAE,/รับซื้อ-notebook-ชุมแพ-ขอนแก่น/,LOCAL_MONEY,LOCAL_MONEY,notebook,TIER_2_MODERATE_EQUITY,MONEY_NOTEBOOK,PENDING,MONEY_NOTEBOOK,Batch 2 — Notebook & Computer/Enterprise,รับซื้อโน๊ตบุ๊ค ชุมแพ ขอนแก่น มือสอง รับซื้อถึงที่ ให้ราคาสูง | เรารับซื้อ.com,รับซื้อโน๊ตบุ๊ค ชุมแพ ขอนแก่น มือสอง — บริการรับซื้อถึงบ้าน จ่ายสดทันที,อยู่ในพื้นที่จังหวัด/อำเภอเป้าหมาย ต้องการขายสินค้าใกล้บ้านโดยไม่ต้องเดินทางไกล,นัดหมายเวลารับซื้อถึงที่ หรือส่งพิกัดเพื่อประเมินราคา,Local Area Hero & Coverage | Local Landmark / Service Points | Hardware Valuation Criteria | On-site Pickup Process | Local FAQ | Fast Contact CTA,Same-day Pickup Schedules | Nearby District Travel Policies,รับซื้อถึงที่ในอำเภอไหนบ้าง / มีค่าเดินทางไหม / นัดรับจุดไหนได้บ้าง / จ่ายเงินทันทีไหม,"Service, LocalBusiness, FAQPage","Verified local geography, distinct meeting locations, actual district service boundaries (no cookie-cutter text)"
LOCAL_NOTEBOOK_ROIET,/รับซื้อโน๊ตบุ๊ค-ร้อยเอ็/,LOCAL_MONEY,LOCAL_MONEY,notebook,TIER_2_MODERATE_EQUITY,MONEY_NOTEBOOK,PENDING,MONEY_NOTEBOOK,Batch 2 — Notebook & Computer/Enterprise,รับซื้อโน๊ตบุ๊ค ร้อยเอ็ด มือสอง รับซื้อถึงที่ ให้ราคาสูง | เรารับซื้อ.com,รับซื้อโน๊ตบุ๊ค ร้อยเอ็ด มือสอง — บริการรับซื้อถึงบ้าน จ่ายสดทันที,อยู่ในพื้นที่จังหวัด/อำเภอเป้าหมาย ต้องการขายสินค้าใกล้บ้านโดยไม่ต้องเดินทางไกล,นัดหมายเวลารับซื้อถึงที่ หรือส่งพิกัดเพื่อประเมินราคา,Local Area Hero & Coverage | Local Landmark / Service Points | Hardware Valuation Criteria | On-site Pickup Process | Local FAQ | Fast Contact CTA,Same-day Pickup Schedules | Nearby District Travel Policies,รับซื้อถึงที่ในอำเภอไหนบ้าง / มีค่าเดินทางไหม / นัดรับจุดไหนได้บ้าง / จ่ายเงินทันทีไหม,"Service, LocalBusiness, FAQPage","Verified local geography, distinct meeting locations, actual district service boundaries (no cookie-cutter text)"
LOCAL_NOTEBOOK_NONGBUA,/รับซื้อโน๊ตบุ๊ค-หนองบัว/,LOCAL_MONEY,LOCAL_MONEY,notebook,TIER_2_MODERATE_EQUITY,MONEY_NOTEBOOK,PENDING,MONEY_NOTEBOOK,Batch 2 — Notebook & Computer/Enterprise,รับซื้อโน๊ตบุ๊ค หนองบัวลำภู มือสอง รับซื้อถึงที่ ให้ราคาสูง | เรารับซื้อ.com,รับซื้อโน๊ตบุ๊ค หนองบัวลำภู มือสอง — บริการรับซื้อถึงบ้าน จ่ายสดทันที,อยู่ในพื้นที่จังหวัด/อำเภอเป้าหมาย ต้องการขายสินค้าใกล้บ้านโดยไม่ต้องเดินทางไกล,นัดหมายเวลารับซื้อถึงที่ หรือส่งพิกัดเพื่อประเมินราคา,Local Area Hero & Coverage | Local Landmark / Service Points | Hardware Valuation Criteria | On-site Pickup Process | Local FAQ | Fast Contact CTA,Same-day Pickup Schedules | Nearby District Travel Policies,รับซื้อถึงที่ในอำเภอไหนบ้าง / มีค่าเดินทางไหม / นัดรับจุดไหนได้บ้าง / จ่ายเงินทันทีไหม,"Service, LocalBusiness, FAQPage","Verified local geography, distinct meeting locations, actual district service boundaries (no cookie-cutter text)"
LOCAL_NOTEBOOK_UDON,/รับซื้อโน๊ตบุ๊ค-อุดรธาน/,LOCAL_MONEY,LOCAL_MONEY,notebook,TIER_2_MODERATE_EQUITY,MONEY_NOTEBOOK,PENDING,MONEY_NOTEBOOK,Batch 2 — Notebook & Computer/Enterprise,รับซื้อโน๊ตบุ๊ค อุดรธานี มือสอง รับซื้อถึงที่ ให้ราคาสูง | เรารับซื้อ.com,รับซื้อโน๊ตบุ๊ค อุดรธานี มือสอง — บริการรับซื้อถึงบ้าน จ่ายสดทันที,อยู่ในพื้นที่จังหวัด/อำเภอเป้าหมาย ต้องการขายสินค้าใกล้บ้านโดยไม่ต้องเดินทางไกล,นัดหมายเวลารับซื้อถึงที่ หรือส่งพิกัดเพื่อประเมินราคา,Local Area Hero & Coverage | Local Landmark / Service Points | Hardware Valuation Criteria | On-site Pickup Process | Local FAQ | Fast Contact CTA,Same-day Pickup Schedules | Nearby District Travel Policies,รับซื้อถึงที่ในอำเภอไหนบ้าง / มีค่าเดินทางไหม / นัดรับจุดไหนได้บ้าง / จ่ายเงินทันทีไหม,"Service, LocalBusiness, FAQPage","Verified local geography, distinct meeting locations, actual district service boundaries (no cookie-cutter text)"
LOCAL_COMPUTER_SARAKHAM,/รับซื้อคอม-สารคาม/,LOCAL_MONEY,LOCAL_MONEY,computer,TIER_2_MODERATE_EQUITY,MONEY_COMPUTER,PENDING,MONEY_COMPUTER,Batch 2 — Notebook & Computer/Enterprise,รับซื้อคอม มหาสารคาม มือสอง รับซื้อถึงที่ ให้ราคาสูง | เรารับซื้อ.com,รับซื้อคอม มหาสารคาม มือสอง — บริการรับซื้อถึงบ้าน จ่ายสดทันที,อยู่ในพื้นที่จังหวัด/อำเภอเป้าหมาย ต้องการขายสินค้าใกล้บ้านโดยไม่ต้องเดินทางไกล,นัดหมายเวลารับซื้อถึงที่ หรือส่งพิกัดเพื่อประเมินราคา,Local Area Hero & Coverage | Local Landmark / Service Points | Hardware Valuation Criteria | On-site Pickup Process | Local FAQ | Fast Contact CTA,Same-day Pickup Schedules | Nearby District Travel Policies,รับซื้อถึงที่ในอำเภอไหนบ้าง / มีค่าเดินทางไหม / นัดรับจุดไหนได้บ้าง / จ่ายเงินทันทีไหม,"Service, LocalBusiness, FAQPage","Verified local geography, distinct meeting locations, actual district service boundaries (no cookie-cutter text)"
MONEY_SERVER,/รับซื้อ-server/,MONEY_HUB,MONEY_HUB,enterprise_scrap,TIER_2_MODERATE_EQUITY,MONEY_SCRAP,PENDING,MONEY_SCRAP,Batch 2 — Notebook & Computer/Enterprise,รับซื้อ Server มือสอง ให้ราคาสูง ประเมินไว | เรารับซื้อ.com,รับซื้อ Server มือสอง — เช็กราคากลาง ทุกรุ่น ทุกสภาพ,ต้องการขายenterprise_scrap แต่ไม่ทราบมูลค่าปัจจุบัน หรือเครื่องมีตำหนิ/ไม่มีอุปกรณ์,ส่งข้อมูลรุ่น สเปก และรูปถ่ายเพื่อประเมินราคา,Category Hero | Model Valuation Matrix | Accepted Condition Tiers | 3-Step Selling Workflow | Inspection Checklist | FAQ | Location / Coverage,Price Trend Table | Common Defect Deductions,รุ่นไหนรับซื้อบ้าง / เครื่องมีตำหนิรับไหม / หักราคาอย่างไร / ใช้เอกสารอะไรบ้าง,"Service, ItemPage, FAQPage",Specific technical hardware checklist for enterprise_scrap valuation; real price calculation parameters
LOCAL_PHONE_YASOTHON,/รับซื้อโทรศัพท์-มือถือ-ย/,LOCAL_MONEY,LOCAL_MONEY,iphone,TIER_2_MODERATE_EQUITY,MONEY_IPHONE,PENDING,MONEY_IPHONE,Batch 3 — iPhone / iPad / MacBook,รับซื้อโทรศัพท์มือถือ ยโสธร มือสอง รับซื้อถึงที่ ให้ราคาสูง | เรารับซื้อ.com,รับซื้อโทรศัพท์มือถือ ยโสธร มือสอง — บริการรับซื้อถึงบ้าน จ่ายสดทันที,อยู่ในพื้นที่จังหวัด/อำเภอเป้าหมาย ต้องการขายสินค้าใกล้บ้านโดยไม่ต้องเดินทางไกล,นัดหมายเวลารับซื้อถึงที่ หรือส่งพิกัดเพื่อประเมินราคา,Local Area Hero & Coverage | Local Landmark / Service Points | Hardware Valuation Criteria | On-site Pickup Process | Local FAQ | Fast Contact CTA,Same-day Pickup Schedules | Nearby District Travel Policies,รับซื้อถึงที่ในอำเภอไหนบ้าง / มีค่าเดินทางไหม / นัดรับจุดไหนได้บ้าง / จ่ายเงินทันทีไหม,"Service, LocalBusiness, FAQPage","Verified local geography, distinct meeting locations, actual district service boundaries (no cookie-cutter text)"
LOCAL_IPHONE_ROIET,/รับซื้อไอโฟน-iphone-ร้อยเอ็ด/,LOCAL_MONEY,LOCAL_MONEY,iphone,TIER_2_MODERATE_EQUITY,MONEY_IPHONE,PENDING,MONEY_IPHONE,Batch 3 — iPhone / iPad / MacBook,รับซื้อไอโฟน ร้อยเอ็ด มือสอง รับซื้อถึงที่ ให้ราคาสูง | เรารับซื้อ.com,รับซื้อไอโฟน ร้อยเอ็ด มือสอง — บริการรับซื้อถึงบ้าน จ่ายสดทันที,อยู่ในพื้นที่จังหวัด/อำเภอเป้าหมาย ต้องการขายสินค้าใกล้บ้านโดยไม่ต้องเดินทางไกล,นัดหมายเวลารับซื้อถึงที่ หรือส่งพิกัดเพื่อประเมินราคา,Local Area Hero & Coverage | Local Landmark / Service Points | Hardware Valuation Criteria | On-site Pickup Process | Local FAQ | Fast Contact CTA,Same-day Pickup Schedules | Nearby District Travel Policies,รับซื้อถึงที่ในอำเภอไหนบ้าง / มีค่าเดินทางไหม / นัดรับจุดไหนได้บ้าง / จ่ายเงินทันทีไหม,"Service, LocalBusiness, FAQPage","Verified local geography, distinct meeting locations, actual district service boundaries (no cookie-cutter text)"
LOCAL_MACBOOK_UDON,/รับซื้อmacbook-อุดรธานี/,LOCAL_MONEY,LOCAL_MONEY,macbook,TIER_2_MODERATE_EQUITY,MONEY_MACBOOK,PENDING,MONEY_MACBOOK,Batch 3 — iPhone / iPad / MacBook,รับซื้อ MacBook อุดรธานี มือสอง รับซื้อถึงที่ ให้ราคาสูง | เรารับซื้อ.com,รับซื้อ MacBook อุดรธานี มือสอง — บริการรับซื้อถึงบ้าน จ่ายสดทันที,อยู่ในพื้นที่จังหวัด/อำเภอเป้าหมาย ต้องการขายสินค้าใกล้บ้านโดยไม่ต้องเดินทางไกล,นัดหมายเวลารับซื้อถึงที่ หรือส่งพิกัดเพื่อประเมินราคา,Local Area Hero & Coverage | Local Landmark / Service Points | Hardware Valuation Criteria | On-site Pickup Process | Local FAQ | Fast Contact CTA,Same-day Pickup Schedules | Nearby District Travel Policies,รับซื้อถึงที่ในอำเภอไหนบ้าง / มีค่าเดินทางไหม / นัดรับจุดไหนได้บ้าง / จ่ายเงินทันทีไหม,"Service, LocalBusiness, FAQPage","Verified local geography, distinct meeting locations, actual district service boundaries (no cookie-cutter text)"
LOCAL_IPAD_YASOTHON,/รับซื้อไอแพด-ยโสธร-ipad/,LOCAL_MONEY,LOCAL_MONEY,ipad,TIER_3_WEAK_BUT_STRATEGIC,MONEY_IPAD,PENDING,MONEY_IPAD,Batch 3 — iPhone / iPad / MacBook,รับซื้อ iPad ยโสธร มือสอง รับซื้อถึงที่ ให้ราคาสูง | เรารับซื้อ.com,รับซื้อ iPad ยโสธร มือสอง — บริการรับซื้อถึงบ้าน จ่ายสดทันที,อยู่ในพื้นที่จังหวัด/อำเภอเป้าหมาย ต้องการขายสินค้าใกล้บ้านโดยไม่ต้องเดินทางไกล,นัดหมายเวลารับซื้อถึงที่ หรือส่งพิกัดเพื่อประเมินราคา,Local Area Hero & Coverage | Local Landmark / Service Points | Hardware Valuation Criteria | On-site Pickup Process | Local FAQ | Fast Contact CTA,Same-day Pickup Schedules | Nearby District Travel Policies,รับซื้อถึงที่ในอำเภอไหนบ้าง / มีค่าเดินทางไหม / นัดรับจุดไหนได้บ้าง / จ่ายเงินทันทีไหม,"Service, LocalBusiness, FAQPage","Verified local geography, distinct meeting locations, actual district service boundaries (no cookie-cutter text)"
LOCAL_IPAD_KHONKAEN,/รับซื้อไอแพด-ขอนแก่น-ipad/,LOCAL_MONEY,LOCAL_MONEY,ipad,TIER_3_WEAK_BUT_STRATEGIC,MONEY_IPAD,PENDING,MONEY_IPAD,Batch 3 — iPhone / iPad / MacBook,รับซื้อ iPad ขอนแก่น มือสอง รับซื้อถึงที่ ให้ราคาสูง | เรารับซื้อ.com,รับซื้อ iPad ขอนแก่น มือสอง — บริการรับซื้อถึงบ้าน จ่ายสดทันที,อยู่ในพื้นที่จังหวัด/อำเภอเป้าหมาย ต้องการขายสินค้าใกล้บ้านโดยไม่ต้องเดินทางไกล,นัดหมายเวลารับซื้อถึงที่ หรือส่งพิกัดเพื่อประเมินราคา,Local Area Hero & Coverage | Local Landmark / Service Points | Hardware Valuation Criteria | On-site Pickup Process | Local FAQ | Fast Contact CTA,Same-day Pickup Schedules | Nearby District Travel Policies,รับซื้อถึงที่ในอำเภอไหนบ้าง / มีค่าเดินทางไหม / นัดรับจุดไหนได้บ้าง / จ่ายเงินทันทีไหม,"Service, LocalBusiness, FAQPage","Verified local geography, distinct meeting locations, actual district service boundaries (no cookie-cutter text)"
LOCAL_CAMERA_MUKDAHAN,/รับซื้อกล้องมือสองมุก/,LOCAL_MONEY,LOCAL_MONEY,camera,TIER_2_MODERATE_EQUITY,MONEY_CAMERA,PENDING,MONEY_CAMERA,Batch 4 — Camera & Audio Hubs,รับซื้อกล้อง มุกดาหาร มือสอง รับซื้อถึงที่ ให้ราคาสูง | เรารับซื้อ.com,รับซื้อกล้อง มุกดาหาร มือสอง — บริการรับซื้อถึงบ้าน จ่ายสดทันที,อยู่ในพื้นที่จังหวัด/อำเภอเป้าหมาย ต้องการขายสินค้าใกล้บ้านโดยไม่ต้องเดินทางไกล,นัดหมายเวลารับซื้อถึงที่ หรือส่งพิกัดเพื่อประเมินราคา,Local Area Hero & Coverage | Local Landmark / Service Points | Hardware Valuation Criteria | On-site Pickup Process | Local FAQ | Fast Contact CTA,Same-day Pickup Schedules | Nearby District Travel Policies,รับซื้อถึงที่ในอำเภอไหนบ้าง / มีค่าเดินทางไหม / นัดรับจุดไหนได้บ้าง / จ่ายเงินทันทีไหม,"Service, LocalBusiness, FAQPage","Verified local geography, distinct meeting locations, actual district service boundaries (no cookie-cutter text)"
LOCAL_SPEAKER_ROIET,/รับซื้อลำโพง-ร้อยเอ็ด-jbl-marshall/,LOCAL_MONEY,LOCAL_MONEY,audio,TIER_2_MODERATE_EQUITY,MONEY_SPEAKER,PENDING,MONEY_SPEAKER,Batch 4 — Camera & Audio Hubs,รับซื้อลำโพง ร้อยเอ็ด (JBL / Marshall) มือสอง รับซื้อถึงที่ ให้ราคาสูง | เรารับซื้อ.com,รับซื้อลำโพง ร้อยเอ็ด (JBL / Marshall) มือสอง — บริการรับซื้อถึงบ้าน จ่ายสดทันที,อยู่ในพื้นที่จังหวัด/อำเภอเป้าหมาย ต้องการขายสินค้าใกล้บ้านโดยไม่ต้องเดินทางไกล,นัดหมายเวลารับซื้อถึงที่ หรือส่งพิกัดเพื่อประเมินราคา,Local Area Hero & Coverage | Local Landmark / Service Points | Hardware Valuation Criteria | On-site Pickup Process | Local FAQ | Fast Contact CTA,Same-day Pickup Schedules | Nearby District Travel Policies,รับซื้อถึงที่ในอำเภอไหนบ้าง / มีค่าเดินทางไหม / นัดรับจุดไหนได้บ้าง / จ่ายเงินทันทีไหม,"Service, LocalBusiness, FAQPage","Verified local geography, distinct meeting locations, actual district service boundaries (no cookie-cutter text)"
LOCAL_CAMERA_UBON,/รับซื้อกล้องอุบล-กล้องcanon-niko/,LOCAL_MONEY,LOCAL_MONEY,camera,TIER_2_MODERATE_EQUITY,MONEY_CAMERA,PENDING,MONEY_CAMERA,Batch 4 — Camera & Audio Hubs,รับซื้อกล้อง อุบลราชธานี (Canon / Nikon / Sony) มือสอง รับซื้อถึงที่ ให้ราคาสูง | เรารับซื้อ.com,รับซื้อกล้อง อุบลราชธานี (Canon / Nikon / Sony) มือสอง — บริการรับซื้อถึงบ้าน จ่ายสดทันที,อยู่ในพื้นที่จังหวัด/อำเภอเป้าหมาย ต้องการขายสินค้าใกล้บ้านโดยไม่ต้องเดินทางไกล,นัดหมายเวลารับซื้อถึงที่ หรือส่งพิกัดเพื่อประเมินราคา,Local Area Hero & Coverage | Local Landmark / Service Points | Hardware Valuation Criteria | On-site Pickup Process | Local FAQ | Fast Contact CTA,Same-day Pickup Schedules | Nearby District Travel Policies,รับซื้อถึงที่ในอำเภอไหนบ้าง / มีค่าเดินทางไหม / นัดรับจุดไหนได้บ้าง / จ่ายเงินทันทีไหม,"Service, LocalBusiness, FAQPage","Verified local geography, distinct meeting locations, actual district service boundaries (no cookie-cutter text)"
MODEL_CAMERA_FUJI,/รับซื้อกล้อง-fujifilm-ฟูจิฟิล์ม/,MODEL_MONEY,MODEL_MONEY,camera,TIER_2_MODERATE_EQUITY,MONEY_CAMERA,PENDING,MONEY_CAMERA,Batch 4 — Camera & Audio Hubs,รับซื้อกล้อง Fujifilm | เรารับซื้อ.com,รับซื้อกล้อง Fujifilm,ต้องการตรวจสอบความน่าเชื่อถือ สัญญาซื้อขาย และตัวตนของร้านก่อนตกลงขาย,เพิ่มความมั่นใจในการทำธุรกรรม ติดต่อขายสินค้าอย่างสบายใจ,Business Credentials & Verification | Fair Valuation Code of Conduct | Purchase Contract Template | Customer Testimonials | Contact Details,Store Front Images | Business Registration,มีสัญญาซื้อขายไหม / ปลอดภัยไหม / มีหน้าร้านจริงไหม,"AboutPage, Organization","Concrete proof of legitimate commercial trade, legal buyback compliance, and zero predatory pawn tactics"
LOCAL_CAMERA_YASOTHON,/รับซื้อกล้อง-ยโสธร/,LOCAL_MONEY,LOCAL_MONEY,camera,TIER_2_MODERATE_EQUITY,MONEY_CAMERA,PENDING,MONEY_CAMERA,Batch 4 — Camera & Audio Hubs,รับซื้อกล้อง ยโสธร มือสอง รับซื้อถึงที่ ให้ราคาสูง | เรารับซื้อ.com,รับซื้อกล้อง ยโสธร มือสอง — บริการรับซื้อถึงบ้าน จ่ายสดทันที,อยู่ในพื้นที่จังหวัด/อำเภอเป้าหมาย ต้องการขายสินค้าใกล้บ้านโดยไม่ต้องเดินทางไกล,นัดหมายเวลารับซื้อถึงที่ หรือส่งพิกัดเพื่อประเมินราคา,Local Area Hero & Coverage | Local Landmark / Service Points | Hardware Valuation Criteria | On-site Pickup Process | Local FAQ | Fast Contact CTA,Same-day Pickup Schedules | Nearby District Travel Policies,รับซื้อถึงที่ในอำเภอไหนบ้าง / มีค่าเดินทางไหม / นัดรับจุดไหนได้บ้าง / จ่ายเงินทันทีไหม,"Service, LocalBusiness, FAQPage","Verified local geography, distinct meeting locations, actual district service boundaries (no cookie-cutter text)"
LOCAL_CAMERA_SISAKET,/รับซื้อกล้องถ่ายรูป-ศรี/,LOCAL_MONEY,LOCAL_MONEY,camera,TIER_2_MODERATE_EQUITY,MONEY_CAMERA,PENDING,MONEY_CAMERA,Batch 4 — Camera & Audio Hubs,รับซื้อกล้องถ่ายรูป ศรีสะเกษ มือสอง รับซื้อถึงที่ ให้ราคาสูง | เรารับซื้อ.com,รับซื้อกล้องถ่ายรูป ศรีสะเกษ มือสอง — บริการรับซื้อถึงบ้าน จ่ายสดทันที,อยู่ในพื้นที่จังหวัด/อำเภอเป้าหมาย ต้องการขายสินค้าใกล้บ้านโดยไม่ต้องเดินทางไกล,นัดหมายเวลารับซื้อถึงที่ หรือส่งพิกัดเพื่อประเมินราคา,Local Area Hero & Coverage | Local Landmark / Service Points | Hardware Valuation Criteria | On-site Pickup Process | Local FAQ | Fast Contact CTA,Same-day Pickup Schedules | Nearby District Travel Policies,รับซื้อถึงที่ในอำเภอไหนบ้าง / มีค่าเดินทางไหม / นัดรับจุดไหนได้บ้าง / จ่ายเงินทันทีไหม,"Service, LocalBusiness, FAQPage","Verified local geography, distinct meeting locations, actual district service boundaries (no cookie-cutter text)"
LOCAL_SPEAKER_YASOTHON,/รับซื้อลำโพง-ยโสธร/,LOCAL_MONEY,LOCAL_MONEY,audio,TIER_3_WEAK_BUT_STRATEGIC,MONEY_SPEAKER,PENDING,MONEY_SPEAKER,Batch 4 — Camera & Audio Hubs,รับซื้อลำโพง ยโสธร มือสอง รับซื้อถึงที่ ให้ราคาสูง | เรารับซื้อ.com,รับซื้อลำโพง ยโสธร มือสอง — บริการรับซื้อถึงบ้าน จ่ายสดทันที,อยู่ในพื้นที่จังหวัด/อำเภอเป้าหมาย ต้องการขายสินค้าใกล้บ้านโดยไม่ต้องเดินทางไกล,นัดหมายเวลารับซื้อถึงที่ หรือส่งพิกัดเพื่อประเมินราคา,Local Area Hero & Coverage | Local Landmark / Service Points | Hardware Valuation Criteria | On-site Pickup Process | Local FAQ | Fast Contact CTA,Same-day Pickup Schedules | Nearby District Travel Policies,รับซื้อถึงที่ในอำเภอไหนบ้าง / มีค่าเดินทางไหม / นัดรับจุดไหนได้บ้าง / จ่ายเงินทันทีไหม,"Service, LocalBusiness, FAQPage","Verified local geography, distinct meeting locations, actual district service boundaries (no cookie-cutter text)"
LOCAL_CAMERA_SURIN,/รับซื้อกล้องมือสองสุร/,LOCAL_MONEY,LOCAL_MONEY,camera,TIER_3_WEAK_BUT_STRATEGIC,MONEY_CAMERA,PENDING,MONEY_CAMERA,Batch 4 — Camera & Audio Hubs,รับซื้อกล้อง สุรินทร์ มือสอง รับซื้อถึงที่ ให้ราคาสูง | เรารับซื้อ.com,รับซื้อกล้อง สุรินทร์ มือสอง — บริการรับซื้อถึงบ้าน จ่ายสดทันที,อยู่ในพื้นที่จังหวัด/อำเภอเป้าหมาย ต้องการขายสินค้าใกล้บ้านโดยไม่ต้องเดินทางไกล,นัดหมายเวลารับซื้อถึงที่ หรือส่งพิกัดเพื่อประเมินราคา,Local Area Hero & Coverage | Local Landmark / Service Points | Hardware Valuation Criteria | On-site Pickup Process | Local FAQ | Fast Contact CTA,Same-day Pickup Schedules | Nearby District Travel Policies,รับซื้อถึงที่ในอำเภอไหนบ้าง / มีค่าเดินทางไหม / นัดรับจุดไหนได้บ้าง / จ่ายเงินทันทีไหม,"Service, LocalBusiness, FAQPage","Verified local geography, distinct meeting locations, actual district service boundaries (no cookie-cutter text)"
COND_BROKEN_SCREEN,/สภาพสินค้า/จอแตก/,CONDITION_GUIDE,CONDITION_GUIDE,condition,STRATEGIC_NEW,CORE_PRICE_CHECK,PENDING,CORE_PRICE_CHECK,Batch 5 — Condition & Valuation Guides,จอแตก ขายได้ไหม — คู่มือประเมินราคาและเกณฑ์การหักเงิน | เรารับซื้อ.com,จอแตก ขายได้ไหม — ทำความเข้าใจสภาพก่อนขาย ไม่โดนกดราคา,สินค้ามีตำหนิ/ชำรุด ไม่แน่ใจว่าจะขายได้ไหม หรือกลัวถูกหักราคาเกินจริง,ส่งรูปถ่ายรอยตำหนิหรืออาการเสียเพื่อประเมินราคาตามจริง,Condition Breakdown & Severity Levels | Valuation Impact Matrix (%) | Repair vs Sell as-is Calculation | Preparation Steps | FAQ,Diagnostic Screenshot Tips | Sample Defect Valuations,อาการแบบไหนขายได้ / หักราคากี่เปอร์เซ็นต์ / ซ่อมศูนย์หรือขายเลยคุ้มกว่า,"Article, HowTo, FAQPage",Transparent deduction rationale based on replacement parts cost and refurbishment labor
COND_DEAD_POWER,/สภาพสินค้า/เปิดไม่ติด/,CONDITION_GUIDE,CONDITION_GUIDE,condition,STRATEGIC_NEW,CORE_PRICE_CHECK,PENDING,CORE_PRICE_CHECK,Batch 5 — Condition & Valuation Guides,เปิดไม่ติด ขายได้ไหม — คู่มือประเมินราคาและเกณฑ์การหักเงิน | เรารับซื้อ.com,เปิดไม่ติด ขายได้ไหม — ทำความเข้าใจสภาพก่อนขาย ไม่โดนกดราคา,สินค้ามีตำหนิ/ชำรุด ไม่แน่ใจว่าจะขายได้ไหม หรือกลัวถูกหักราคาเกินจริง,ส่งรูปถ่ายรอยตำหนิหรืออาการเสียเพื่อประเมินราคาตามจริง,Condition Breakdown & Severity Levels | Valuation Impact Matrix (%) | Repair vs Sell as-is Calculation | Preparation Steps | FAQ,Diagnostic Screenshot Tips | Sample Defect Valuations,อาการแบบไหนขายได้ / หักราคากี่เปอร์เซ็นต์ / ซ่อมศูนย์หรือขายเลยคุ้มกว่า,"Article, HowTo, FAQPage",Transparent deduction rationale based on replacement parts cost and refurbishment labor
COND_BATTERY_DEGRADED,/สภาพสินค้า/แบตเสื่อม/,CONDITION_GUIDE,CONDITION_GUIDE,condition,STRATEGIC_NEW,CORE_PRICE_CHECK,PENDING,CORE_PRICE_CHECK,Batch 5 — Condition & Valuation Guides,แบตเสื่อม แบตบวม — คู่มือประเมินราคาและเกณฑ์การหักเงิน | เรารับซื้อ.com,แบตเสื่อม แบตบวม — ทำความเข้าใจสภาพก่อนขาย ไม่โดนกดราคา,สินค้ามีตำหนิ/ชำรุด ไม่แน่ใจว่าจะขายได้ไหม หรือกลัวถูกหักราคาเกินจริง,ส่งรูปถ่ายรอยตำหนิหรืออาการเสียเพื่อประเมินราคาตามจริง,Condition Breakdown & Severity Levels | Valuation Impact Matrix (%) | Repair vs Sell as-is Calculation | Preparation Steps | FAQ,Diagnostic Screenshot Tips | Sample Defect Valuations,อาการแบบไหนขายได้ / หักราคากี่เปอร์เซ็นต์ / ซ่อมศูนย์หรือขายเลยคุ้มกว่า,"Article, HowTo, FAQPage",Transparent deduction rationale based on replacement parts cost and refurbishment labor
COND_NO_BOX_ACCESSORY,/สภาพสินค้า/ไม่มีอุปกรณ์/,VALUATION_GUIDE,VALUATION_GUIDE,valuation,STRATEGIC_NEW,CORE_PRICE_CHECK,PENDING,CORE_PRICE_CHECK,Batch 5 — Condition & Valuation Guides,ไม่มีกล่อง ไม่มีที่ชาร์จ — คู่มือประเมินราคาและเกณฑ์การหักเงิน | เรารับซื้อ.com,ไม่มีกล่อง ไม่มีที่ชาร์จ — ทำความเข้าใจสภาพก่อนขาย ไม่โดนกดราคา,สินค้ามีตำหนิ/ชำรุด ไม่แน่ใจว่าจะขายได้ไหม หรือกลัวถูกหักราคาเกินจริง,ส่งรูปถ่ายรอยตำหนิหรืออาการเสียเพื่อประเมินราคาตามจริง,Condition Breakdown & Severity Levels | Valuation Impact Matrix (%) | Repair vs Sell as-is Calculation | Preparation Steps | FAQ,Diagnostic Screenshot Tips | Sample Defect Valuations,อาการแบบไหนขายได้ / หักราคากี่เปอร์เซ็นต์ / ซ่อมศูนย์หรือขายเลยคุ้มกว่า,"Article, HowTo, FAQPage",Transparent deduction rationale based on replacement parts cost and refurbishment labor
COND_SHOULD_REPAIR,/สภาพสินค้า/ควรซ่อมก่อนขายไหม/,VALUATION_GUIDE,VALUATION_GUIDE,valuation,STRATEGIC_NEW,CORE_PRICE_CHECK,PENDING,CORE_PRICE_CHECK,Batch 5 — Condition & Valuation Guides,ควรซ่อมก่อนขายไหม — คู่มือประเมินราคาและเกณฑ์การหักเงิน | เรารับซื้อ.com,ควรซ่อมก่อนขายไหม — ทำความเข้าใจสภาพก่อนขาย ไม่โดนกดราคา,สินค้ามีตำหนิ/ชำรุด ไม่แน่ใจว่าจะขายได้ไหม หรือกลัวถูกหักราคาเกินจริง,ส่งรูปถ่ายรอยตำหนิหรืออาการเสียเพื่อประเมินราคาตามจริง,Condition Breakdown & Severity Levels | Valuation Impact Matrix (%) | Repair vs Sell as-is Calculation | Preparation Steps | FAQ,Diagnostic Screenshot Tips | Sample Defect Valuations,อาการแบบไหนขายได้ / หักราคากี่เปอร์เซ็นต์ / ซ่อมศูนย์หรือขายเลยคุ้มกว่า,"Article, HowTo, FAQPage",Transparent deduction rationale based on replacement parts cost and refurbishment labor
GUIDE_FACTORY_RESET,/คู่มือ/วิธีล้างข้อมูล-factory-reset/,HOW_TO,HOW_TO,guide,STRATEGIC_NEW,CORE_HOW_TO_SELL,PENDING,CORE_HOW_TO_SELL,Batch 6 — Decision Guides,วิธีล้างเครื่องก่อนขาย — ขั้นตอนอย่างละเอียด ปลอดภัย 100% | เรารับซื้อ.com,วิธีล้างเครื่องก่อนขาย,กังวลเรื่องข้อมูลส่วนตัวหลุด หรือไม่รู้วิธีเตรียมเครื่องก่อนส่งมอบ,ทำตามขั้นตอนล้างเครื่องแล้วส่งมอบเครื่องพร้อมรับเงิน,Step-by-Step Visual Checklist | Account Logout Procedures (iOS/Android/Windows/macOS) | Data Erasure Standards | FAQ,Troubleshooting Stuck Accounts | Backup Methods,ล้างข้อมูลแล้วกู้คืนได้ไหม / ลืมรหัสผ่านทำอย่างไร / ต้องเอาซิมการ์ดออกไหม,"HowTo, FAQPage",Actionable step-by-step instructions protecting customer privacy and preventing locked device rejections
GUIDE_CHECK_SPECS,/คู่มือ/วิธีตรวจสเปกก่อนขาย/,HOW_TO,HOW_TO,guide,STRATEGIC_NEW,CORE_HOW_TO_SELL,PENDING,CORE_HOW_TO_SELL,Batch 6 — Decision Guides,วิธีตรวจเช็กสเปกเครื่องก่อนขาย — ขั้นตอนอย่างละเอียด ปลอดภัย 100% | เรารับซื้อ.com,วิธีตรวจเช็กสเปกเครื่องก่อนขาย,กังวลเรื่องข้อมูลส่วนตัวหลุด หรือไม่รู้วิธีเตรียมเครื่องก่อนส่งมอบ,ทำตามขั้นตอนล้างเครื่องแล้วส่งมอบเครื่องพร้อมรับเงิน,Step-by-Step Visual Checklist | Account Logout Procedures (iOS/Android/Windows/macOS) | Data Erasure Standards | FAQ,Troubleshooting Stuck Accounts | Backup Methods,ล้างข้อมูลแล้วกู้คืนได้ไหม / ลืมรหัสผ่านทำอย่างไร / ต้องเอาซิมการ์ดออกไหม,"HowTo, FAQPage",Actionable step-by-step instructions protecting customer privacy and preventing locked device rejections
GUIDE_PHOTO_VALUATION,/คู่มือ/วิธีถ่ายรูปประเมินราคา/,HOW_TO,HOW_TO,guide,STRATEGIC_NEW,CORE_HOW_TO_SELL,PENDING,CORE_HOW_TO_SELL,Batch 6 — Decision Guides,วิธีถ่ายรูปสินค้าประเมินราคา — ขั้นตอนอย่างละเอียด ปลอดภัย 100% | เรารับซื้อ.com,วิธีถ่ายรูปสินค้าประเมินราคา,กังวลเรื่องข้อมูลส่วนตัวหลุด หรือไม่รู้วิธีเตรียมเครื่องก่อนส่งมอบ,ทำตามขั้นตอนล้างเครื่องแล้วส่งมอบเครื่องพร้อมรับเงิน,Step-by-Step Visual Checklist | Account Logout Procedures (iOS/Android/Windows/macOS) | Data Erasure Standards | FAQ,Troubleshooting Stuck Accounts | Backup Methods,ล้างข้อมูลแล้วกู้คืนได้ไหม / ลืมรหัสผ่านทำอย่างไร / ต้องเอาซิมการ์ดออกไหม,"HowTo, FAQPage",Actionable step-by-step instructions protecting customer privacy and preventing locked device rejections
