path,legacyGone,v2Gone,v2State,survivorDecision,redirectTarget,legacySource,v2Source,parity,reason
"/ขายโน๊ตบุ๊คอุบล-รับซื้/","YES","YES","GONE","NONE","","src/config/gone-paths.ts","src/config/seo/gone.ts","MATCH","Authoritative legacy 410 quarantined spam/off-topic URL"
"/จำนำ-notebook-โน๊ตบุ๊ค-อุบลราชธ/","YES","YES","GONE","NONE","","src/config/gone-paths.ts","src/config/seo/gone.ts","MATCH","Authoritative legacy 410 quarantined spam/off-topic URL"
"/จำนำ-ไอโฟน-มือสอง-อุบลรา/","YES","YES","GONE","NONE","","src/config/gone-paths.ts","src/config/seo/gone.ts","MATCH","Authoritative legacy 410 quarantined spam/off-topic URL"
"/จำนำมือถืออุบล/","YES","YES","GONE","NONE","","src/config/gone-paths.ts","src/config/seo/gone.ts","MATCH","Authoritative legacy 410 quarantined spam/off-topic URL"
"/จำนำอุบล-ใกล้ฉัน/","YES","YES","GONE","NONE","","src/config/gone-paths.ts","src/config/seo/gone.ts","MATCH","Authoritative legacy 410 quarantined spam/off-topic URL"
"/จำนำไอโฟน-iphone-อุบล/","YES","YES","GONE","NONE","","src/config/gone-paths.ts","src/config/seo/gone.ts","MATCH","Authoritative legacy 410 quarantined spam/off-topic URL"
"/จํา-นํา-โทรศัพท์-อุบล/","YES","YES","GONE","NONE","","src/config/gone-paths.ts","src/config/seo/gone.ts","MATCH","Authoritative legacy 410 quarantined spam/off-topic URL"
"/รับจำนำ-ipad-air-6-อุบลราชธานี/","YES","YES","GONE","NONE","","src/config/gone-paths.ts","src/config/seo/gone.ts","MATCH","Authoritative legacy 410 quarantined spam/off-topic URL"
"/รับจำนำ-iphone-จังหวัดยโสธร/","YES","YES","GONE","NONE","","src/config/gone-paths.ts","src/config/seo/gone.ts","MATCH","Authoritative legacy 410 quarantined spam/off-topic URL"
"/รับจำนำ-อุบล/","YES","YES","GONE","NONE","","src/config/gone-paths.ts","src/config/seo/gone.ts","MATCH","Authoritative legacy 410 quarantined spam/off-topic URL"
"/รับจำนำกล้อง-อุบล/","YES","YES","GONE","NONE","","src/config/gone-paths.ts","src/config/seo/gone.ts","MATCH","Authoritative legacy 410 quarantined spam/off-topic URL"
"/รับจำนำกล้องเลนส์-จังหว/","YES","YES","GONE","NONE","","src/config/gone-paths.ts","src/config/seo/gone.ts","MATCH","Authoritative legacy 410 quarantined spam/off-topic URL"
"/รับจำนำของ-อุบลราชธานี-บ/","YES","YES","GONE","NONE","","src/config/gone-paths.ts","src/config/seo/gone.ts","MATCH","Authoritative legacy 410 quarantined spam/off-topic URL"
"/รับจำนำคอม-จังหวัดอุบลร/","YES","YES","GONE","NONE","","src/config/gone-paths.ts","src/config/seo/gone.ts","MATCH","Authoritative legacy 410 quarantined spam/off-topic URL"
"/รับจำนำคอม-อุบล/","YES","YES","GONE","NONE","","src/config/gone-paths.ts","src/config/seo/gone.ts","MATCH","Authoritative legacy 410 quarantined spam/off-topic URL"
"/รับจำนำคอมพิวเตอร์จังห/","YES","YES","GONE","NONE","","src/config/gone-paths.ts","src/config/seo/gone.ts","MATCH","Authoritative legacy 410 quarantined spam/off-topic URL"
"/รับจำนำมือถือ-จังหวัดยโ/","YES","YES","GONE","NONE","","src/config/gone-paths.ts","src/config/seo/gone.ts","MATCH","Authoritative legacy 410 quarantined spam/off-topic URL"
"/รับจำนำมือถืออุบล-2/","YES","YES","GONE","NONE","","src/config/gone-paths.ts","src/config/seo/gone.ts","MATCH","Authoritative legacy 410 quarantined spam/off-topic URL"
"/รับจำนำมือถืออุบล/","YES","YES","GONE","NONE","","src/config/gone-paths.ts","src/config/seo/gone.ts","MATCH","Authoritative legacy 410 quarantined spam/off-topic URL"
"/รับจำนำลำโพง-jbl-marshall-ยโสธร/","YES","YES","GONE","NONE","","src/config/gone-paths.ts","src/config/seo/gone.ts","MATCH","Authoritative legacy 410 quarantined spam/off-topic URL"
"/รับจำนำลำโพง-marshall/","YES","YES","GONE","NONE","","src/config/gone-paths.ts","src/config/seo/gone.ts","MATCH","Authoritative legacy 410 quarantined spam/off-topic URL"
"/รับจำนำศรีสะเกษ/","YES","YES","GONE","NONE","","src/config/gone-paths.ts","src/config/seo/gone.ts","MATCH","Authoritative legacy 410 quarantined spam/off-topic URL"
"/รับจำนำอำนาจเจริญ/","YES","YES","GONE","NONE","","src/config/gone-paths.ts","src/config/seo/gone.ts","MATCH","Authoritative legacy 410 quarantined spam/off-topic URL"
"/รับจำนำอุบล-2/","YES","YES","GONE","NONE","","src/config/gone-paths.ts","src/config/seo/gone.ts","MATCH","Authoritative legacy 410 quarantined spam/off-topic URL"
"/รับจำนำอุบล/","YES","YES","GONE","NONE","","src/config/gone-paths.ts","src/config/seo/gone.ts","MATCH","Authoritative legacy 410 quarantined spam/off-topic URL"
"/รับจำนำแมคบุ๊ค-จังหวัดย/","YES","YES","GONE","NONE","","src/config/gone-paths.ts","src/config/seo/gone.ts","MATCH","Authoritative legacy 410 quarantined spam/off-topic URL"
"/รับจำนำโน๊ตบุ๊ค-ยโสธร/","YES","YES","GONE","NONE","","src/config/gone-paths.ts","src/config/seo/gone.ts","MATCH","Authoritative legacy 410 quarantined spam/off-topic URL"
"/รับจำนำโน๊ตบุ๊คศรีสะเก/","YES","YES","GONE","NONE","","src/config/gone-paths.ts","src/config/seo/gone.ts","MATCH","Authoritative legacy 410 quarantined spam/off-topic URL"
"/รับจำนำโน๊ตบุ๊คอำนาจเจ/","YES","YES","GONE","NONE","","src/config/gone-paths.ts","src/config/seo/gone.ts","MATCH","Authoritative legacy 410 quarantined spam/off-topic URL"
"/รับจำนำโน๊ตบุ๊คอุบล/","YES","YES","GONE","NONE","","src/config/gone-paths.ts","src/config/seo/gone.ts","MATCH","Authoritative legacy 410 quarantined spam/off-topic URL"
"/รับจำนำไอแพด-จังหวัดยโส/","YES","YES","GONE","NONE","","src/config/gone-paths.ts","src/config/seo/gone.ts","MATCH","Authoritative legacy 410 quarantined spam/off-topic URL"
"/รับจำนำไอโฟน-11-รับจำนำ-iphone-11/","YES","YES","GONE","NONE","","src/config/gone-paths.ts","src/config/seo/gone.ts","MATCH","Authoritative legacy 410 quarantined spam/off-topic URL"
"/รับจำนำไอโฟน-12-รับจำนำ-iphone-12/","YES","YES","GONE","NONE","","src/config/gone-paths.ts","src/config/seo/gone.ts","MATCH","Authoritative legacy 410 quarantined spam/off-topic URL"
"/รับจำนำไอโฟน-13-รับจำนำ-iphone-13/","YES","YES","GONE","NONE","","src/config/gone-paths.ts","src/config/seo/gone.ts","MATCH","Authoritative legacy 410 quarantined spam/off-topic URL"
"/รับจำนำไอโฟน-14-รับจำนำ-iphone-14/","YES","YES","GONE","NONE","","src/config/gone-paths.ts","src/config/seo/gone.ts","MATCH","Authoritative legacy 410 quarantined spam/off-topic URL"
"/รับจำนำไอโฟน-จังหวัดยโส/","YES","YES","GONE","NONE","","src/config/gone-paths.ts","src/config/seo/gone.ts","MATCH","Authoritative legacy 410 quarantined spam/off-topic URL"
"/รับจำนำไอโฟน-อุบล/","YES","YES","GONE","NONE","","src/config/gone-paths.ts","src/config/seo/gone.ts","MATCH","Authoritative legacy 410 quarantined spam/off-topic URL"
"/รับซื้อ-ps4-อุบล-play-station-4/","YES","YES","GONE","NONE","","src/config/gone-paths.ts","src/config/seo/gone.ts","MATCH","Authoritative legacy 410 quarantined spam/off-topic URL"
"/รับซื้อ-โน๊ตบุ๊คnotebookจังหวั/","YES","YES","GONE","NONE","","src/config/gone-paths.ts","src/config/seo/gone.ts","MATCH","Authoritative legacy 410 quarantined spam/off-topic URL"
"/รับซื้อกระดาษ-a4/","YES","YES","GONE","NONE","","src/config/gone-paths.ts","src/config/seo/gone.ts","MATCH","Authoritative legacy 410 quarantined spam/off-topic URL"
"/รับซื้อกล้องมือสอง-กาฬ-2/","YES","YES","GONE","NONE","","src/config/gone-paths.ts","src/config/seo/gone.ts","MATCH","Authoritative legacy 410 quarantined spam/off-topic URL"
"/รับซื้อกล้องมือสอง-ขอน-2/","YES","YES","GONE","NONE","","src/config/gone-paths.ts","src/config/seo/gone.ts","MATCH","Authoritative legacy 410 quarantined spam/off-topic URL"
"/รับซื้อกล้องมือสอง-ร้อ-2/","YES","YES","GONE","NONE","","src/config/gone-paths.ts","src/config/seo/gone.ts","MATCH","Authoritative legacy 410 quarantined spam/off-topic URL"
"/รับซื้อกล้องมือสอง-อำน-2/","YES","YES","GONE","NONE","","src/config/gone-paths.ts","src/config/seo/gone.ts","MATCH","Authoritative legacy 410 quarantined spam/off-topic URL"
"/รับซื้อตั๋วจำนำ/","YES","YES","GONE","NONE","","src/config/gone-paths.ts","src/config/seo/gone.ts","MATCH","Authoritative legacy 410 quarantined spam/off-topic URL"
"/รับซื้อตั๋วจำนำกมลาไสย/","YES","YES","GONE","NONE","","src/config/gone-paths.ts","src/config/seo/gone.ts","MATCH","Authoritative legacy 410 quarantined spam/off-topic URL"
"/รับซื้อตั๋วจำนำกันทรลั/","YES","YES","GONE","NONE","","src/config/gone-paths.ts","src/config/seo/gone.ts","MATCH","Authoritative legacy 410 quarantined spam/off-topic URL"
"/รับซื้อตั๋วจำนำกันทรวิ/","YES","YES","GONE","NONE","","src/config/gone-paths.ts","src/config/seo/gone.ts","MATCH","Authoritative legacy 410 quarantined spam/off-topic URL"
"/รับซื้อตั๋วจำนำขุขันธ์/","YES","YES","GONE","NONE","","src/config/gone-paths.ts","src/config/seo/gone.ts","MATCH","Authoritative legacy 410 quarantined spam/off-topic URL"
"/รับซื้อตั๋วจำนำคำชะอี/","YES","YES","GONE","NONE","","src/config/gone-paths.ts","src/config/seo/gone.ts","MATCH","Authoritative legacy 410 quarantined spam/off-topic URL"
"/รับซื้อตั๋วจำนำคำเขื่อ/","YES","YES","GONE","NONE","","src/config/gone-paths.ts","src/config/seo/gone.ts","MATCH","Authoritative legacy 410 quarantined spam/off-topic URL"
"/รับซื้อตั๋วจำนำจัตุรัส/","YES","YES","GONE","NONE","","src/config/gone-paths.ts","src/config/seo/gone.ts","MATCH","Authoritative legacy 410 quarantined spam/off-topic URL"
"/รับซื้อตั๋วจำนำชานุมาน/","YES","YES","GONE","NONE","","src/config/gone-paths.ts","src/config/seo/gone.ts","MATCH","Authoritative legacy 410 quarantined spam/off-topic URL"
"/รับซื้อตั๋วจำนำชุมแพ/","YES","YES","GONE","NONE","","src/config/gone-paths.ts","src/config/seo/gone.ts","MATCH","Authoritative legacy 410 quarantined spam/off-topic URL"
"/รับซื้อตั๋วจำนำท่าบ่อ/","YES","YES","GONE","NONE","","src/config/gone-paths.ts","src/config/seo/gone.ts","MATCH","Authoritative legacy 410 quarantined spam/off-topic URL"
"/รับซื้อตั๋วจำนำธวัชบุร/","YES","YES","GONE","NONE","","src/config/gone-paths.ts","src/config/seo/gone.ts","MATCH","Authoritative legacy 410 quarantined spam/off-topic URL"
"/รับซื้อตั๋วจำนำธาตุพนม/","YES","YES","GONE","NONE","","src/config/gone-paths.ts","src/config/seo/gone.ts","MATCH","Authoritative legacy 410 quarantined spam/off-topic URL"
"/รับซื้อตั๋วจำนำนากลาง/","YES","YES","GONE","NONE","","src/config/gone-paths.ts","src/config/seo/gone.ts","MATCH","Authoritative legacy 410 quarantined spam/off-topic URL"
"/รับซื้อตั๋วจำนำนางรอง/","YES","YES","GONE","NONE","","src/config/gone-paths.ts","src/config/seo/gone.ts","MATCH","Authoritative legacy 410 quarantined spam/off-topic URL"
"/รับซื้อตั๋วจำนำนิคมคำส/","YES","YES","GONE","NONE","","src/config/gone-paths.ts","src/config/seo/gone.ts","MATCH","Authoritative legacy 410 quarantined spam/off-topic URL"
"/รับซื้อตั๋วจำนำบ้านผือ/","YES","YES","GONE","NONE","","src/config/gone-paths.ts","src/config/seo/gone.ts","MATCH","Authoritative legacy 410 quarantined spam/off-topic URL"
"/รับซื้อตั๋วจำนำบ้านเขว/","YES","YES","GONE","NONE","","src/config/gone-paths.ts","src/config/seo/gone.ts","MATCH","Authoritative legacy 410 quarantined spam/off-topic URL"
"/รับซื้อตั๋วจำนำบ้านไผ่/","YES","YES","GONE","NONE","","src/config/gone-paths.ts","src/config/seo/gone.ts","MATCH","Authoritative legacy 410 quarantined spam/off-topic URL"
"/รับซื้อตั๋วจำนำปทุมราช/","YES","YES","GONE","NONE","","src/config/gone-paths.ts","src/config/seo/gone.ts","MATCH","Authoritative legacy 410 quarantined spam/off-topic URL"
"/รับซื้อตั๋วจำนำประโคนช/","YES","YES","GONE","NONE","","src/config/gone-paths.ts","src/config/seo/gone.ts","MATCH","Authoritative legacy 410 quarantined spam/off-topic URL"
"/รับซื้อตั๋วจำนำปราสาท/","YES","YES","GONE","NONE","","src/config/gone-paths.ts","src/config/seo/gone.ts","MATCH","Authoritative legacy 410 quarantined spam/off-topic URL"
"/รับซื้อตั๋วจำนำปากช่อง/","YES","YES","GONE","NONE","","src/config/gone-paths.ts","src/config/seo/gone.ts","MATCH","Authoritative legacy 410 quarantined spam/off-topic URL"
"/รับซื้อตั๋วจำนำพรเจริญ/","YES","YES","GONE","NONE","","src/config/gone-paths.ts","src/config/seo/gone.ts","MATCH","Authoritative legacy 410 quarantined spam/off-topic URL"
"/รับซื้อตั๋วจำนำมหาชนะช/","YES","YES","GONE","NONE","","src/config/gone-paths.ts","src/config/seo/gone.ts","MATCH","Authoritative legacy 410 quarantined spam/off-topic URL"
"/รับซื้อตั๋วจำนำยางตลาด/","YES","YES","GONE","NONE","","src/config/gone-paths.ts","src/config/seo/gone.ts","MATCH","Authoritative legacy 410 quarantined spam/off-topic URL"
"/รับซื้อตั๋วจำนำรัตนบุร/","YES","YES","GONE","NONE","","src/config/gone-paths.ts","src/config/seo/gone.ts","MATCH","Authoritative legacy 410 quarantined spam/off-topic URL"
"/รับซื้อตั๋วจำนำวังสะพุ/","YES","YES","GONE","NONE","","src/config/gone-paths.ts","src/config/seo/gone.ts","MATCH","Authoritative legacy 410 quarantined spam/off-topic URL"
"/รับซื้อตั๋วจำนำวาริชภู/","YES","YES","GONE","NONE","","src/config/gone-paths.ts","src/config/seo/gone.ts","MATCH","Authoritative legacy 410 quarantined spam/off-topic URL"
"/รับซื้อตั๋วจำนำวารินชำ/","YES","YES","GONE","NONE","","src/config/gone-paths.ts","src/config/seo/gone.ts","MATCH","Authoritative legacy 410 quarantined spam/off-topic URL"
"/รับซื้อตั๋วจำนำศรีบุญเ/","YES","YES","GONE","NONE","","src/config/gone-paths.ts","src/config/seo/gone.ts","MATCH","Authoritative legacy 410 quarantined spam/off-topic URL"
"/รับซื้อตั๋วจำนำศรีเชีย/","YES","YES","GONE","NONE","","src/config/gone-paths.ts","src/config/seo/gone.ts","MATCH","Authoritative legacy 410 quarantined spam/off-topic URL"
"/รับซื้อตั๋วจำนำหนองหาน/","YES","YES","GONE","NONE","","src/config/gone-paths.ts","src/config/seo/gone.ts","MATCH","Authoritative legacy 410 quarantined spam/off-topic URL"
"/รับซื้อตั๋วจำนำอากาศอำ/","YES","YES","GONE","NONE","","src/config/gone-paths.ts","src/config/seo/gone.ts","MATCH","Authoritative legacy 410 quarantined spam/off-topic URL"
"/รับซื้อตั๋วจำนำเชียงคา/","YES","YES","GONE","NONE","","src/config/gone-paths.ts","src/config/seo/gone.ts","MATCH","Authoritative legacy 410 quarantined spam/off-topic URL"
"/รับซื้อตั๋วจำนำเซกา/","YES","YES","GONE","NONE","","src/config/gone-paths.ts","src/config/seo/gone.ts","MATCH","Authoritative legacy 410 quarantined spam/off-topic URL"
"/รับซื้อตั๋วจำนำเดชอุดม/","YES","YES","GONE","NONE","","src/config/gone-paths.ts","src/config/seo/gone.ts","MATCH","Authoritative legacy 410 quarantined spam/off-topic URL"
"/รับซื้อตั๋วจำนำเมืองกา/","YES","YES","GONE","NONE","","src/config/gone-paths.ts","src/config/seo/gone.ts","MATCH","Authoritative legacy 410 quarantined spam/off-topic URL"
"/รับซื้อตั๋วจำนำเมืองขอ/","YES","YES","GONE","NONE","","src/config/gone-paths.ts","src/config/seo/gone.ts","MATCH","Authoritative legacy 410 quarantined spam/off-topic URL"
"/รับซื้อตั๋วจำนำเมืองชั/","YES","YES","GONE","NONE","","src/config/gone-paths.ts","src/config/seo/gone.ts","MATCH","Authoritative legacy 410 quarantined spam/off-topic URL"
"/รับซื้อตั๋วจำนำเมืองนค-2/","YES","YES","GONE","NONE","","src/config/gone-paths.ts","src/config/seo/gone.ts","MATCH","Authoritative legacy 410 quarantined spam/off-topic URL"
"/รับซื้อตั๋วจำนำเมืองนค/","YES","YES","GONE","NONE","","src/config/gone-paths.ts","src/config/seo/gone.ts","MATCH","Authoritative legacy 410 quarantined spam/off-topic URL"
"/รับซื้อตั๋วจำนำเมืองบึ/","YES","YES","GONE","NONE","","src/config/gone-paths.ts","src/config/seo/gone.ts","MATCH","Authoritative legacy 410 quarantined spam/off-topic URL"
"/รับซื้อตั๋วจำนำเมืองบุ/","YES","YES","GONE","NONE","","src/config/gone-paths.ts","src/config/seo/gone.ts","MATCH","Authoritative legacy 410 quarantined spam/off-topic URL"
"/รับซื้อตั๋วจำนำเมืองมห/","YES","YES","GONE","NONE","","src/config/gone-paths.ts","src/config/seo/gone.ts","MATCH","Authoritative legacy 410 quarantined spam/off-topic URL"
"/รับซื้อตั๋วจำนำเมืองมุ/","YES","YES","GONE","NONE","","src/config/gone-paths.ts","src/config/seo/gone.ts","MATCH","Authoritative legacy 410 quarantined spam/off-topic URL"
"/รับซื้อตั๋วจำนำเมืองยโ/","YES","YES","GONE","NONE","","src/config/gone-paths.ts","src/config/seo/gone.ts","MATCH","Authoritative legacy 410 quarantined spam/off-topic URL"
"/รับซื้อตั๋วจำนำเมืองร้/","YES","YES","GONE","NONE","","src/config/gone-paths.ts","src/config/seo/gone.ts","MATCH","Authoritative legacy 410 quarantined spam/off-topic URL"
"/รับซื้อตั๋วจำนำเมืองศร/","YES","YES","GONE","NONE","","src/config/gone-paths.ts","src/config/seo/gone.ts","MATCH","Authoritative legacy 410 quarantined spam/off-topic URL"
"/รับซื้อตั๋วจำนำเมืองสก/","YES","YES","GONE","NONE","","src/config/gone-paths.ts","src/config/seo/gone.ts","MATCH","Authoritative legacy 410 quarantined spam/off-topic URL"
"/รับซื้อตั๋วจำนำเมืองสุ/","YES","YES","GONE","NONE","","src/config/gone-paths.ts","src/config/seo/gone.ts","MATCH","Authoritative legacy 410 quarantined spam/off-topic URL"
"/รับซื้อตั๋วจำนำเมืองหน-2/","YES","YES","GONE","NONE","","src/config/gone-paths.ts","src/config/seo/gone.ts","MATCH","Authoritative legacy 410 quarantined spam/off-topic URL"
"/รับซื้อตั๋วจำนำเมืองหน/","YES","YES","GONE","NONE","","src/config/gone-paths.ts","src/config/seo/gone.ts","MATCH","Authoritative legacy 410 quarantined spam/off-topic URL"
"/รับซื้อตั๋วจำนำเมืองอำ/","YES","YES","GONE","NONE","","src/config/gone-paths.ts","src/config/seo/gone.ts","MATCH","Authoritative legacy 410 quarantined spam/off-topic URL"
"/รับซื้อตั๋วจำนำเมืองอุ-2/","YES","YES","GONE","NONE","","src/config/gone-paths.ts","src/config/seo/gone.ts","MATCH","Authoritative legacy 410 quarantined spam/off-topic URL"
"/รับซื้อตั๋วจำนำเมืองอุ/","YES","YES","GONE","NONE","","src/config/gone-paths.ts","src/config/seo/gone.ts","MATCH","Authoritative legacy 410 quarantined spam/off-topic URL"
"/รับซื้อตั๋วจำนำเมืองเล/","YES","YES","GONE","NONE","","src/config/gone-paths.ts","src/config/seo/gone.ts","MATCH","Authoritative legacy 410 quarantined spam/off-topic URL"
"/รับซื้อตั๋วจำนำเรณูนคร/","YES","YES","GONE","NONE","","src/config/gone-paths.ts","src/config/seo/gone.ts","MATCH","Authoritative legacy 410 quarantined spam/off-topic URL"
"/รับซื้อตั๋วจำนำโกสุมพิ/","YES","YES","GONE","NONE","","src/config/gone-paths.ts","src/config/seo/gone.ts","MATCH","Authoritative legacy 410 quarantined spam/off-topic URL"
"/รับซื้อตั๋วจำนำโนนสูง/","YES","YES","GONE","NONE","","src/config/gone-paths.ts","src/config/seo/gone.ts","MATCH","Authoritative legacy 410 quarantined spam/off-topic URL"
"/รับซื้อตั๋วจำนำโพนทอง/","YES","YES","GONE","NONE","","src/config/gone-paths.ts","src/config/seo/gone.ts","MATCH","Authoritative legacy 410 quarantined spam/off-topic URL"
"/รับซื้อมือถือ-ใกล้ฉัน-มห/","YES","YES","GONE","NONE","","src/config/gone-paths.ts","src/config/seo/gone.ts","MATCH","Authoritative legacy 410 quarantined spam/off-topic URL"
"/รับซื้อเหรียญญี่ปุ่น-รั/","YES","YES","GONE","NONE","","src/config/gone-paths.ts","src/config/seo/gone.ts","MATCH","Authoritative legacy 410 quarantined spam/off-topic URL"
"/รับซื้อเหล้า-100-pipers/","YES","YES","GONE","NONE","","src/config/gone-paths.ts","src/config/seo/gone.ts","MATCH","Authoritative legacy 410 quarantined spam/off-topic URL"
"/รับซื้อเหล้า-black-label/","YES","YES","GONE","NONE","","src/config/gone-paths.ts","src/config/seo/gone.ts","MATCH","Authoritative legacy 410 quarantined spam/off-topic URL"
"/รับซื้อเหล้า-blue-label/","YES","YES","GONE","NONE","","src/config/gone-paths.ts","src/config/seo/gone.ts","MATCH","Authoritative legacy 410 quarantined spam/off-topic URL"
"/รับซื้อเหล้า-jack-danails/","YES","YES","GONE","NONE","","src/config/gone-paths.ts","src/config/seo/gone.ts","MATCH","Authoritative legacy 410 quarantined spam/off-topic URL"
"/รับซื้อเหล้า-jameson/","YES","YES","GONE","NONE","","src/config/gone-paths.ts","src/config/seo/gone.ts","MATCH","Authoritative legacy 410 quarantined spam/off-topic URL"
"/รับซื้อเหล้า-อำเภอกระทุ/","YES","YES","GONE","NONE","","src/config/gone-paths.ts","src/config/seo/gone.ts","MATCH","Authoritative legacy 410 quarantined spam/off-topic URL"
"/รับซื้อเหล้า-อำเภอกำแพง/","YES","YES","GONE","NONE","","src/config/gone-paths.ts","src/config/seo/gone.ts","MATCH","Authoritative legacy 410 quarantined spam/off-topic URL"
"/รับซื้อเหล้า-อำเภอคลองห/","YES","YES","GONE","NONE","","src/config/gone-paths.ts","src/config/seo/gone.ts","MATCH","Authoritative legacy 410 quarantined spam/off-topic URL"
"/รับซื้อเหล้า-อำเภอดอนตู/","YES","YES","GONE","NONE","","src/config/gone-paths.ts","src/config/seo/gone.ts","MATCH","Authoritative legacy 410 quarantined spam/off-topic URL"
"/รับซื้อเหล้า-อำเภอธัญบุ/","YES","YES","GONE","NONE","","src/config/gone-paths.ts","src/config/seo/gone.ts","MATCH","Authoritative legacy 410 quarantined spam/off-topic URL"
"/รับซื้อเหล้า-อำเภอนครชั/","YES","YES","GONE","NONE","","src/config/gone-paths.ts","src/config/seo/gone.ts","MATCH","Authoritative legacy 410 quarantined spam/off-topic URL"
"/รับซื้อเหล้า-อำเภอบางกร/","YES","YES","GONE","NONE","","src/config/gone-paths.ts","src/config/seo/gone.ts","MATCH","Authoritative legacy 410 quarantined spam/off-topic URL"
"/รับซื้อเหล้า-อำเภอบางบั/","YES","YES","GONE","NONE","","src/config/gone-paths.ts","src/config/seo/gone.ts","MATCH","Authoritative legacy 410 quarantined spam/off-topic URL"
"/รับซื้อเหล้า-อำเภอบางบ่/","YES","YES","GONE","NONE","","src/config/gone-paths.ts","src/config/seo/gone.ts","MATCH","Authoritative legacy 410 quarantined spam/off-topic URL"
"/รับซื้อเหล้า-อำเภอบางพล/","YES","YES","GONE","NONE","","src/config/gone-paths.ts","src/config/seo/gone.ts","MATCH","Authoritative legacy 410 quarantined spam/off-topic URL"
"/รับซื้อเหล้า-อำเภอบางเล/","YES","YES","GONE","NONE","","src/config/gone-paths.ts","src/config/seo/gone.ts","MATCH","Authoritative legacy 410 quarantined spam/off-topic URL"
"/รับซื้อเหล้า-อำเภอบางเส/","YES","YES","GONE","NONE","","src/config/gone-paths.ts","src/config/seo/gone.ts","MATCH","Authoritative legacy 410 quarantined spam/off-topic URL"
"/รับซื้อเหล้า-อำเภอบางให/","YES","YES","GONE","NONE","","src/config/gone-paths.ts","src/config/seo/gone.ts","MATCH","Authoritative legacy 410 quarantined spam/off-topic URL"
"/รับซื้อเหล้า-อำเภอบ้านแ/","YES","YES","GONE","NONE","","src/config/gone-paths.ts","src/config/seo/gone.ts","MATCH","Authoritative legacy 410 quarantined spam/off-topic URL"
"/รับซื้อเหล้า-อำเภอปากเก/","YES","YES","GONE","NONE","","src/config/gone-paths.ts","src/config/seo/gone.ts","MATCH","Authoritative legacy 410 quarantined spam/off-topic URL"
"/รับซื้อเหล้า-อำเภอพระปร/","YES","YES","GONE","NONE","","src/config/gone-paths.ts","src/config/seo/gone.ts","MATCH","Authoritative legacy 410 quarantined spam/off-topic URL"
"/รับซื้อเหล้า-อำเภอพระสม/","YES","YES","GONE","NONE","","src/config/gone-paths.ts","src/config/seo/gone.ts","MATCH","Authoritative legacy 410 quarantined spam/off-topic URL"
"/รับซื้อเหล้า-อำเภอพุทธม/","YES","YES","GONE","NONE","","src/config/gone-paths.ts","src/config/seo/gone.ts","MATCH","Authoritative legacy 410 quarantined spam/off-topic URL"
"/รับซื้อเหล้า-อำเภอลาดหล/","YES","YES","GONE","NONE","","src/config/gone-paths.ts","src/config/seo/gone.ts","MATCH","Authoritative legacy 410 quarantined spam/off-topic URL"
"/รับซื้อเหล้า-อำเภอลำลูก/","YES","YES","GONE","NONE","","src/config/gone-paths.ts","src/config/seo/gone.ts","MATCH","Authoritative legacy 410 quarantined spam/off-topic URL"
"/รับซื้อเหล้า-อำเภอสามพร/","YES","YES","GONE","NONE","","src/config/gone-paths.ts","src/config/seo/gone.ts","MATCH","Authoritative legacy 410 quarantined spam/off-topic URL"
"/รับซื้อเหล้า-อำเภอสามโค/","YES","YES","GONE","NONE","","src/config/gone-paths.ts","src/config/seo/gone.ts","MATCH","Authoritative legacy 410 quarantined spam/off-topic URL"
"/รับซื้อเหล้า-อำเภอหนองเ/","YES","YES","GONE","NONE","","src/config/gone-paths.ts","src/config/seo/gone.ts","MATCH","Authoritative legacy 410 quarantined spam/off-topic URL"
"/รับซื้อเหล้า-อำเภอเมือ-2/","YES","YES","GONE","NONE","","src/config/gone-paths.ts","src/config/seo/gone.ts","MATCH","Authoritative legacy 410 quarantined spam/off-topic URL"
"/รับซื้อเหล้า-อำเภอเมือ-3/","YES","YES","GONE","NONE","","src/config/gone-paths.ts","src/config/seo/gone.ts","MATCH","Authoritative legacy 410 quarantined spam/off-topic URL"
"/รับซื้อเหล้า-อำเภอเมือ-4/","YES","YES","GONE","NONE","","src/config/gone-paths.ts","src/config/seo/gone.ts","MATCH","Authoritative legacy 410 quarantined spam/off-topic URL"
"/รับซื้อเหล้า-อำเภอเมือ-5/","YES","YES","GONE","NONE","","src/config/gone-paths.ts","src/config/seo/gone.ts","MATCH","Authoritative legacy 410 quarantined spam/off-topic URL"
"/รับซื้อเหล้า-อำเภอเมือง/","YES","YES","GONE","NONE","","src/config/gone-paths.ts","src/config/seo/gone.ts","MATCH","Authoritative legacy 410 quarantined spam/off-topic URL"
"/รับซื้อเหล้า-อำเภอไทรน้/","YES","YES","GONE","NONE","","src/config/gone-paths.ts","src/config/seo/gone.ts","MATCH","Authoritative legacy 410 quarantined spam/off-topic URL"
"/รับซื้อเหล้า-เขตคลองสาน/","YES","YES","GONE","NONE","","src/config/gone-paths.ts","src/config/seo/gone.ts","MATCH","Authoritative legacy 410 quarantined spam/off-topic URL"
"/รับซื้อเหล้า-เขตคลองสาม/","YES","YES","GONE","NONE","","src/config/gone-paths.ts","src/config/seo/gone.ts","MATCH","Authoritative legacy 410 quarantined spam/off-topic URL"
"/รับซื้อเหล้า-เขตคลองเตย/","YES","YES","GONE","NONE","","src/config/gone-paths.ts","src/config/seo/gone.ts","MATCH","Authoritative legacy 410 quarantined spam/off-topic URL"
"/รับซื้อเหล้า-เขตคันนายา/","YES","YES","GONE","NONE","","src/config/gone-paths.ts","src/config/seo/gone.ts","MATCH","Authoritative legacy 410 quarantined spam/off-topic URL"
"/รับซื้อเหล้า-เขตจตุจักร/","YES","YES","GONE","NONE","","src/config/gone-paths.ts","src/config/seo/gone.ts","MATCH","Authoritative legacy 410 quarantined spam/off-topic URL"
"/รับซื้อเหล้า-เขตจอมทอง/","YES","YES","GONE","NONE","","src/config/gone-paths.ts","src/config/seo/gone.ts","MATCH","Authoritative legacy 410 quarantined spam/off-topic URL"
"/รับซื้อเหล้า-เขตดอนเมือ/","YES","YES","GONE","NONE","","src/config/gone-paths.ts","src/config/seo/gone.ts","MATCH","Authoritative legacy 410 quarantined spam/off-topic URL"
"/รับซื้อเหล้า-เขตดินแดง/","YES","YES","GONE","NONE","","src/config/gone-paths.ts","src/config/seo/gone.ts","MATCH","Authoritative legacy 410 quarantined spam/off-topic URL"
"/รับซื้อเหล้า-เขตดุสิต/","YES","YES","GONE","NONE","","src/config/gone-paths.ts","src/config/seo/gone.ts","MATCH","Authoritative legacy 410 quarantined spam/off-topic URL"
"/รับซื้อเหล้า-เขตตลิ่งชั/","YES","YES","GONE","NONE","","src/config/gone-paths.ts","src/config/seo/gone.ts","MATCH","Authoritative legacy 410 quarantined spam/off-topic URL"
"/รับซื้อเหล้า-เขตทวีวัฒน/","YES","YES","GONE","NONE","","src/config/gone-paths.ts","src/config/seo/gone.ts","MATCH","Authoritative legacy 410 quarantined spam/off-topic URL"
"/รับซื้อเหล้า-เขตทุ่งครุ/","YES","YES","GONE","NONE","","src/config/gone-paths.ts","src/config/seo/gone.ts","MATCH","Authoritative legacy 410 quarantined spam/off-topic URL"
"/รับซื้อเหล้า-เขตธนบุรี/","YES","YES","GONE","NONE","","src/config/gone-paths.ts","src/config/seo/gone.ts","MATCH","Authoritative legacy 410 quarantined spam/off-topic URL"
"/รับซื้อเหล้า-เขตบางกอกน/","YES","YES","GONE","NONE","","src/config/gone-paths.ts","src/config/seo/gone.ts","MATCH","Authoritative legacy 410 quarantined spam/off-topic URL"
"/รับซื้อเหล้า-เขตบางกอกใ/","YES","YES","GONE","NONE","","src/config/gone-paths.ts","src/config/seo/gone.ts","MATCH","Authoritative legacy 410 quarantined spam/off-topic URL"
"/รับซื้อเหล้า-เขตบางกะปิ/","YES","YES","GONE","NONE","","src/config/gone-paths.ts","src/config/seo/gone.ts","MATCH","Authoritative legacy 410 quarantined spam/off-topic URL"
"/รับซื้อเหล้า-เขตบางขุนเ/","YES","YES","GONE","NONE","","src/config/gone-paths.ts","src/config/seo/gone.ts","MATCH","Authoritative legacy 410 quarantined spam/off-topic URL"
"/รับซื้อเหล้า-เขตบางคอแห/","YES","YES","GONE","NONE","","src/config/gone-paths.ts","src/config/seo/gone.ts","MATCH","Authoritative legacy 410 quarantined spam/off-topic URL"
"/รับซื้อเหล้า-เขตบางซื่อ/","YES","YES","GONE","NONE","","src/config/gone-paths.ts","src/config/seo/gone.ts","MATCH","Authoritative legacy 410 quarantined spam/off-topic URL"
"/รับซื้อเหล้า-เขตบางนา/","YES","YES","GONE","NONE","","src/config/gone-paths.ts","src/config/seo/gone.ts","MATCH","Authoritative legacy 410 quarantined spam/off-topic URL"
"/รับซื้อเหล้า-เขตบางบอน/","YES","YES","GONE","NONE","","src/config/gone-paths.ts","src/config/seo/gone.ts","MATCH","Authoritative legacy 410 quarantined spam/off-topic URL"
"/รับซื้อเหล้า-เขตบางพลัด/","YES","YES","GONE","NONE","","src/config/gone-paths.ts","src/config/seo/gone.ts","MATCH","Authoritative legacy 410 quarantined spam/off-topic URL"
"/รับซื้อเหล้า-เขตบางรัก/","YES","YES","GONE","NONE","","src/config/gone-paths.ts","src/config/seo/gone.ts","MATCH","Authoritative legacy 410 quarantined spam/off-topic URL"
"/รับซื้อเหล้า-เขตบางเขน/","YES","YES","GONE","NONE","","src/config/gone-paths.ts","src/config/seo/gone.ts","MATCH","Authoritative legacy 410 quarantined spam/off-topic URL"
"/รับซื้อเหล้า-เขตบางแค/","YES","YES","GONE","NONE","","src/config/gone-paths.ts","src/config/seo/gone.ts","MATCH","Authoritative legacy 410 quarantined spam/off-topic URL"
"/รับซื้อเหล้า-เขตบึงกุ่ม/","YES","YES","GONE","NONE","","src/config/gone-paths.ts","src/config/seo/gone.ts","MATCH","Authoritative legacy 410 quarantined spam/off-topic URL"
"/รับซื้อเหล้า-เขตปทุมวัน/","YES","YES","GONE","NONE","","src/config/gone-paths.ts","src/config/seo/gone.ts","MATCH","Authoritative legacy 410 quarantined spam/off-topic URL"
"/รับซื้อเหล้า-เขตประเวศ/","YES","YES","GONE","NONE","","src/config/gone-paths.ts","src/config/seo/gone.ts","MATCH","Authoritative legacy 410 quarantined spam/off-topic URL"
"/รับซื้อเหล้า-เขตป้อมปรา/","YES","YES","GONE","NONE","","src/config/gone-paths.ts","src/config/seo/gone.ts","MATCH","Authoritative legacy 410 quarantined spam/off-topic URL"
"/รับซื้อเหล้า-เขตพญาไท/","YES","YES","GONE","NONE","","src/config/gone-paths.ts","src/config/seo/gone.ts","MATCH","Authoritative legacy 410 quarantined spam/off-topic URL"
"/รับซื้อเหล้า-เขตพระนคร/","YES","YES","GONE","NONE","","src/config/gone-paths.ts","src/config/seo/gone.ts","MATCH","Authoritative legacy 410 quarantined spam/off-topic URL"
"/รับซื้อเหล้า-เขตพระโขนง/","YES","YES","GONE","NONE","","src/config/gone-paths.ts","src/config/seo/gone.ts","MATCH","Authoritative legacy 410 quarantined spam/off-topic URL"
"/รับซื้อเหล้า-เขตภาษีเจร/","YES","YES","GONE","NONE","","src/config/gone-paths.ts","src/config/seo/gone.ts","MATCH","Authoritative legacy 410 quarantined spam/off-topic URL"
"/รับซื้อเหล้า-เขตมีนบุรี/","YES","YES","GONE","NONE","","src/config/gone-paths.ts","src/config/seo/gone.ts","MATCH","Authoritative legacy 410 quarantined spam/off-topic URL"
"/รับซื้อเหล้า-เขตยานนาวา/","YES","YES","GONE","NONE","","src/config/gone-paths.ts","src/config/seo/gone.ts","MATCH","Authoritative legacy 410 quarantined spam/off-topic URL"
"/รับซื้อเหล้า-เขตราชเทวี/","YES","YES","GONE","NONE","","src/config/gone-paths.ts","src/config/seo/gone.ts","MATCH","Authoritative legacy 410 quarantined spam/off-topic URL"
"/รับซื้อเหล้า-เขตราษฎร์บ/","YES","YES","GONE","NONE","","src/config/gone-paths.ts","src/config/seo/gone.ts","MATCH","Authoritative legacy 410 quarantined spam/off-topic URL"
"/รับซื้อเหล้า-เขตลาดกระบ/","YES","YES","GONE","NONE","","src/config/gone-paths.ts","src/config/seo/gone.ts","MATCH","Authoritative legacy 410 quarantined spam/off-topic URL"
"/รับซื้อเหล้า-เขตลาดพร้า/","YES","YES","GONE","NONE","","src/config/gone-paths.ts","src/config/seo/gone.ts","MATCH","Authoritative legacy 410 quarantined spam/off-topic URL"
"/รับซื้อเหล้า-เขตวังทองห/","YES","YES","GONE","NONE","","src/config/gone-paths.ts","src/config/seo/gone.ts","MATCH","Authoritative legacy 410 quarantined spam/off-topic URL"
"/รับซื้อเหล้า-เขตวัฒนา/","YES","YES","GONE","NONE","","src/config/gone-paths.ts","src/config/seo/gone.ts","MATCH","Authoritative legacy 410 quarantined spam/off-topic URL"
"/รับซื้อเหล้า-เขตสวนหลวง/","YES","YES","GONE","NONE","","src/config/gone-paths.ts","src/config/seo/gone.ts","MATCH","Authoritative legacy 410 quarantined spam/off-topic URL"
"/รับซื้อเหล้า-เขตสะพานสู/","YES","YES","GONE","NONE","","src/config/gone-paths.ts","src/config/seo/gone.ts","MATCH","Authoritative legacy 410 quarantined spam/off-topic URL"
"/รับซื้อเหล้า-เขตสัมพันธ/","YES","YES","GONE","NONE","","src/config/gone-paths.ts","src/config/seo/gone.ts","MATCH","Authoritative legacy 410 quarantined spam/off-topic URL"
"/รับซื้อเหล้า-เขตสาทร/","YES","YES","GONE","NONE","","src/config/gone-paths.ts","src/config/seo/gone.ts","MATCH","Authoritative legacy 410 quarantined spam/off-topic URL"
"/รับซื้อเหล้า-เขตสายไหม/","YES","YES","GONE","NONE","","src/config/gone-paths.ts","src/config/seo/gone.ts","MATCH","Authoritative legacy 410 quarantined spam/off-topic URL"
"/รับซื้อเหล้า-เขตหนองจอก/","YES","YES","GONE","NONE","","src/config/gone-paths.ts","src/config/seo/gone.ts","MATCH","Authoritative legacy 410 quarantined spam/off-topic URL"
"/รับซื้อเหล้า-เขตหนองแขม/","YES","YES","GONE","NONE","","src/config/gone-paths.ts","src/config/seo/gone.ts","MATCH","Authoritative legacy 410 quarantined spam/off-topic URL"
"/รับซื้อเหล้า-เขตหลักสี่/","YES","YES","GONE","NONE","","src/config/gone-paths.ts","src/config/seo/gone.ts","MATCH","Authoritative legacy 410 quarantined spam/off-topic URL"
"/รับซื้อเหล้า-เขตห้วยขวา/","YES","YES","GONE","NONE","","src/config/gone-paths.ts","src/config/seo/gone.ts","MATCH","Authoritative legacy 410 quarantined spam/off-topic URL"
"/รับซื้อเหล้า-ใกล้ฉัน/","YES","YES","GONE","NONE","","src/config/gone-paths.ts","src/config/seo/gone.ts","MATCH","Authoritative legacy 410 quarantined spam/off-topic URL"
"/รับซื้อเหล้า/","YES","YES","GONE","NONE","","src/config/gone-paths.ts","src/config/seo/gone.ts","MATCH","Authoritative legacy 410 quarantined spam/off-topic URL"
"/รับซื้อเหล้าซีวาส-chivas/","YES","YES","GONE","NONE","","src/config/gone-paths.ts","src/config/seo/gone.ts","MATCH","Authoritative legacy 410 quarantined spam/off-topic URL"
"/รับซื้อเหล้ารีเจนซี่/","YES","YES","GONE","NONE","","src/config/gone-paths.ts","src/config/seo/gone.ts","MATCH","Authoritative legacy 410 quarantined spam/off-topic URL"
"/รับซื้อเหล้าเก่า-รับซื้/","YES","YES","GONE","NONE","","src/config/gone-paths.ts","src/config/seo/gone.ts","MATCH","Authoritative legacy 410 quarantined spam/off-topic URL"
"/รับซื้อเหล้าเรด-เลเบิ้ล/","YES","YES","GONE","NONE","","src/config/gone-paths.ts","src/config/seo/gone.ts","MATCH","Authoritative legacy 410 quarantined spam/off-topic URL"
"/รับซื้อเหล้าเฮนเนสซี่-hennessy/","YES","YES","GONE","NONE","","src/config/gone-paths.ts","src/config/seo/gone.ts","MATCH","Authoritative legacy 410 quarantined spam/off-topic URL"
"/รับซื้อโทรศัพท์-มือถือ-ย/","YES","NO","HOLD_NOINDEX","PRESERVE_REWRITE","","src/config/gone-paths.ts","src/config/seo/manifest.ts (HOLD_NOINDEX)","RECONCILED_LOCAL_PRESERVED","Master Map approved local winner restored from legacy GONE in Phase E2.1"
"/รับซื้อโน๊ตบุ๊คมือสอง-อ/","YES","YES","GONE","NONE","","src/config/gone-paths.ts","src/config/seo/gone.ts","MATCH","Authoritative legacy 410 quarantined spam/off-topic URL"
"/รับซื้อโน๊ตบุ๊คอุบล-notebook-laptop-จ/","YES","NO","HOLD_NOINDEX","PRESERVE_REWRITE","","src/config/gone-paths.ts","src/config/seo/manifest.ts (HOLD_NOINDEX)","RECONCILED_LOCAL_PRESERVED","Master Map approved local winner restored from legacy GONE in Phase E2.1"
"/รับซื้อโมเดล-อุบล-รับซื้/","YES","YES","GONE","NONE","","src/config/gone-paths.ts","src/config/seo/gone.ts","MATCH","Authoritative legacy 410 quarantined spam/off-topic URL"
"/ร้านจำนำในอุบล/","YES","YES","GONE","NONE","","src/config/gone-paths.ts","src/config/seo/gone.ts","MATCH","Authoritative legacy 410 quarantined spam/off-topic URL"
"/ร้านรับจำนำมือถือใกล้ฉ/","YES","YES","GONE","NONE","","src/config/gone-paths.ts","src/config/seo/gone.ts","MATCH","Authoritative legacy 410 quarantined spam/off-topic URL"
"/ร้านรับจำนำยโสธร/","YES","YES","GONE","NONE","","src/config/gone-paths.ts","src/config/seo/gone.ts","MATCH","Authoritative legacy 410 quarantined spam/off-topic URL"
"/ร้านรับจํานําลําโพงบลู/","YES","YES","GONE","NONE","","src/config/gone-paths.ts","src/config/seo/gone.ts","MATCH","Authoritative legacy 410 quarantined spam/off-topic URL"
"/อันดับ-1-รับจำนำกล้อง-อุบ/","YES","YES","GONE","NONE","","src/config/gone-paths.ts","src/config/seo/gone.ts","MATCH","Authoritative legacy 410 quarantined spam/off-topic URL"
"/อุบล-รับจำนำ-จำนำมือถือ/","YES","YES","GONE","NONE","","src/config/gone-paths.ts","src/config/seo/gone.ts","MATCH","Authoritative legacy 410 quarantined spam/off-topic URL"
"/10-อันดับ-กล้อง-fujifilm-ในตลาดมือ/","NO","NO","REVIEW_REQUIRED","NONE","","unapproved_raw_url","src/config/seo/manifest.ts (DRAFT)","EXCLUDED_FROM_GONE","Unapproved legacy numeric ID / ranking path removed from GONE (preserved in DRAFT pending owner review)"
"/100-อันดับ-กล้อง-fujifilm-ในตลาดมือ/","NO","NO","REVIEW_REQUIRED","NONE","","unapproved_raw_url","src/config/seo/manifest.ts (DRAFT)","EXCLUDED_FROM_GONE","Unapproved legacy numeric ID / ranking path removed from GONE (preserved in DRAFT pending owner review)"
"/1090/","NO","NO","REVIEW_REQUIRED","NONE","","unapproved_raw_url","src/config/seo/manifest.ts (DRAFT)","EXCLUDED_FROM_GONE","Unapproved legacy numeric ID / ranking path removed from GONE (preserved in DRAFT pending owner review)"
"/1199/","NO","NO","REVIEW_REQUIRED","NONE","","unapproved_raw_url","src/config/seo/manifest.ts (DRAFT)","EXCLUDED_FROM_GONE","Unapproved legacy numeric ID / ranking path removed from GONE (preserved in DRAFT pending owner review)"
"/1209/","NO","NO","REVIEW_REQUIRED","NONE","","unapproved_raw_url","src/config/seo/manifest.ts (DRAFT)","EXCLUDED_FROM_GONE","Unapproved legacy numeric ID / ranking path removed from GONE (preserved in DRAFT pending owner review)"
"/1216/","NO","NO","REVIEW_REQUIRED","NONE","","unapproved_raw_url","src/config/seo/manifest.ts (DRAFT)","EXCLUDED_FROM_GONE","Unapproved legacy numeric ID / ranking path removed from GONE (preserved in DRAFT pending owner review)"
"/1230/","NO","NO","REVIEW_REQUIRED","NONE","","unapproved_raw_url","src/config/seo/manifest.ts (DRAFT)","EXCLUDED_FROM_GONE","Unapproved legacy numeric ID / ranking path removed from GONE (preserved in DRAFT pending owner review)"
"/1340/","NO","NO","REVIEW_REQUIRED","NONE","","unapproved_raw_url","src/config/seo/manifest.ts (DRAFT)","EXCLUDED_FROM_GONE","Unapproved legacy numeric ID / ranking path removed from GONE (preserved in DRAFT pending owner review)"
"/1352/","NO","NO","REVIEW_REQUIRED","NONE","","unapproved_raw_url","src/config/seo/manifest.ts (DRAFT)","EXCLUDED_FROM_GONE","Unapproved legacy numeric ID / ranking path removed from GONE (preserved in DRAFT pending owner review)"
"/1362/","NO","NO","REVIEW_REQUIRED","NONE","","unapproved_raw_url","src/config/seo/manifest.ts (DRAFT)","EXCLUDED_FROM_GONE","Unapproved legacy numeric ID / ranking path removed from GONE (preserved in DRAFT pending owner review)"
"/1477/","NO","NO","REVIEW_REQUIRED","NONE","","unapproved_raw_url","src/config/seo/manifest.ts (DRAFT)","EXCLUDED_FROM_GONE","Unapproved legacy numeric ID / ranking path removed from GONE (preserved in DRAFT pending owner review)"
"/1480/","NO","NO","REVIEW_REQUIRED","NONE","","unapproved_raw_url","src/config/seo/manifest.ts (DRAFT)","EXCLUDED_FROM_GONE","Unapproved legacy numeric ID / ranking path removed from GONE (preserved in DRAFT pending owner review)"
"/1482/","NO","NO","REVIEW_REQUIRED","NONE","","unapproved_raw_url","src/config/seo/manifest.ts (DRAFT)","EXCLUDED_FROM_GONE","Unapproved legacy numeric ID / ranking path removed from GONE (preserved in DRAFT pending owner review)"
"/1494/","NO","NO","REVIEW_REQUIRED","NONE","","unapproved_raw_url","src/config/seo/manifest.ts (DRAFT)","EXCLUDED_FROM_GONE","Unapproved legacy numeric ID / ranking path removed from GONE (preserved in DRAFT pending owner review)"
"/1498/","NO","NO","REVIEW_REQUIRED","NONE","","unapproved_raw_url","src/config/seo/manifest.ts (DRAFT)","EXCLUDED_FROM_GONE","Unapproved legacy numeric ID / ranking path removed from GONE (preserved in DRAFT pending owner review)"
"/1500/","NO","NO","REVIEW_REQUIRED","NONE","","unapproved_raw_url","src/config/seo/manifest.ts (DRAFT)","EXCLUDED_FROM_GONE","Unapproved legacy numeric ID / ranking path removed from GONE (preserved in DRAFT pending owner review)"
"/1502/","NO","NO","REVIEW_REQUIRED","NONE","","unapproved_raw_url","src/config/seo/manifest.ts (DRAFT)","EXCLUDED_FROM_GONE","Unapproved legacy numeric ID / ranking path removed from GONE (preserved in DRAFT pending owner review)"
"/1504/","NO","NO","REVIEW_REQUIRED","NONE","","unapproved_raw_url","src/config/seo/manifest.ts (DRAFT)","EXCLUDED_FROM_GONE","Unapproved legacy numeric ID / ranking path removed from GONE (preserved in DRAFT pending owner review)"
"/1508/","NO","NO","REVIEW_REQUIRED","NONE","","unapproved_raw_url","src/config/seo/manifest.ts (DRAFT)","EXCLUDED_FROM_GONE","Unapproved legacy numeric ID / ranking path removed from GONE (preserved in DRAFT pending owner review)"
"/1511/","NO","NO","REVIEW_REQUIRED","NONE","","unapproved_raw_url","src/config/seo/manifest.ts (DRAFT)","EXCLUDED_FROM_GONE","Unapproved legacy numeric ID / ranking path removed from GONE (preserved in DRAFT pending owner review)"
"/1515/","NO","NO","REVIEW_REQUIRED","NONE","","unapproved_raw_url","src/config/seo/manifest.ts (DRAFT)","EXCLUDED_FROM_GONE","Unapproved legacy numeric ID / ranking path removed from GONE (preserved in DRAFT pending owner review)"
"/1517/","NO","NO","REVIEW_REQUIRED","NONE","","unapproved_raw_url","src/config/seo/manifest.ts (DRAFT)","EXCLUDED_FROM_GONE","Unapproved legacy numeric ID / ranking path removed from GONE (preserved in DRAFT pending owner review)"