legacy_path,v2_state,v2_target,v2_http_status,action_reason
"/buy-camera-mahasarakam/","HOLD_NOINDEX","/buy-camera-mahasarakam/","200","REBUILD_INDEX survivor candidate awaiting unique content (CONTENT_REQUIRED)"
"/buy-camera-nongkai/","HOLD_NOINDEX","/buy-camera-nongkai/","200","Historical survivor in hold/review"
"/buy-camera-surin/","REDIRECT","/รับซื้อกล้องมือสองสุร/","301","NEW_REDIRECT consolidation"
"/buy-camera-ubon/","HOLD_NOINDEX","/buy-camera-ubon/","200","Historical survivor in hold/review"
"/legacy-รับซื้อกล้อง-ยโสธร-815/","REDIRECT","/รับซื้อกล้อง-ยโสธร/","301","EXISTING_REDIRECT consolidation"
"/legacy-รับซื้อไอโฟน-มหาสารคาม-851/","REDIRECT","/รับซื้อไอโฟน-มหาสารคาม/","301","EXISTING_REDIRECT consolidation"
"/rab-sue-com/","REDIRECT","/รับซื้อคอม/","301","Normalized 301 consolidation"
"/rab-sue-ipad/","REDIRECT","/รับซื้อไอแพด/","301","Normalized 301 consolidation"
"/rab-sue-iphone/","REDIRECT","/รับซื้อไอโฟน/","301","Normalized 301 consolidation"
"/rab-sue-klong/","REDIRECT","/รับซื้อกล้อง/","301","Normalized 301 consolidation"
"/rab-sue-lamphong/","REDIRECT","/รับซื้อลำโพง/","301","Normalized 301 consolidation"
"/rab-sue-macbook/","REDIRECT","/รับซื้อแมคบุ๊ค/","301","Normalized 301 consolidation"
"/rab-sue-notebook/","REDIRECT","/รับซื้อโน๊ตบุ๊ค/","301","Normalized 301 consolidation"
"/rab-sue/","REDIRECT","/รับซื้อ/","301","Normalized 301 consolidation"
"/ขายโน๊ตบุ๊ค-ขอนแก่น/","HOLD_NOINDEX","/ขายโน๊ตบุ๊ค-ขอนแก่น/","200","Historical survivor in hold/review"
"/ขายโน๊ตบุ๊คอุบล-รับซื้/","GONE","","410","Quarantined off-topic / spam legacy URL"
"/จำนำ-notebook-โน๊ตบุ๊ค-อุบลราชธ/","GONE","","410","Quarantined off-topic / spam legacy URL"
"/จำนำ-ไอโฟน-มือสอง-อุบลรา/","GONE","","410","Quarantined off-topic / spam legacy URL"
"/จำนำมือถืออุบล/","GONE","","410","Quarantined off-topic / spam legacy URL"
"/จำนำอุบล-ใกล้ฉัน/","GONE","","410","Quarantined off-topic / spam legacy URL"
"/จำนำไอโฟน-iphone-อุบล/","GONE","","410","Quarantined off-topic / spam legacy URL"
"/จํา-นํา-โทรศัพท์-อุบล/","GONE","","410","Quarantined off-topic / spam legacy URL"
"/ติดต่อเรา/","REDIRECT","/contact/","301","Normalized 301 consolidation"
"/รับจำนำ-ipad-air-6-อุบลราชธานี/","GONE","","410","Quarantined off-topic / spam legacy URL"
"/รับจำนำ-iphone-จังหวัดยโสธร/","GONE","","410","Quarantined off-topic / spam legacy URL"
"/รับจำนำ-อุบล/","GONE","","410","Quarantined off-topic / spam legacy URL"
"/รับจำนำกล้อง-อุบล/","GONE","","410","Quarantined off-topic / spam legacy URL"
"/รับจำนำกล้องเลนส์-จังหว/","GONE","","410","Quarantined off-topic / spam legacy URL"
"/รับจำนำของ-อุบลราชธานี-บ/","GONE","","410","Quarantined off-topic / spam legacy URL"
"/รับจำนำคอม-จังหวัดอุบลร/","GONE","","410","Quarantined off-topic / spam legacy URL"
"/รับจำนำคอม-อุบล/","GONE","","410","Quarantined off-topic / spam legacy URL"
"/รับจำนำคอมพิวเตอร์จังห/","GONE","","410","Quarantined off-topic / spam legacy URL"
"/รับจำนำมือถือ-จังหวัดยโ/","GONE","","410","Quarantined off-topic / spam legacy URL"
"/รับจำนำมือถืออุบล-2/","GONE","","410","Quarantined off-topic / spam legacy URL"
"/รับจำนำมือถืออุบล/","GONE","","410","Quarantined off-topic / spam legacy URL"
"/รับจำนำลำโพง-jbl-marshall-ยโสธร/","GONE","","410","Quarantined off-topic / spam legacy URL"
"/รับจำนำลำโพง-marshall/","GONE","","410","Quarantined off-topic / spam legacy URL"
"/รับจำนำศรีสะเกษ/","GONE","","410","Quarantined off-topic / spam legacy URL"
"/รับจำนำอำนาจเจริญ/","GONE","","410","Quarantined off-topic / spam legacy URL"
"/รับจำนำอุบล-2/","GONE","","410","Quarantined off-topic / spam legacy URL"
"/รับจำนำอุบล/","GONE","","410","Quarantined off-topic / spam legacy URL"
"/รับจำนำแมคบุ๊ค-จังหวัดย/","GONE","","410","Quarantined off-topic / spam legacy URL"
"/รับจำนำโน๊ตบุ๊ค-ยโสธร/","GONE","","410","Quarantined off-topic / spam legacy URL"
"/รับจำนำโน๊ตบุ๊คศรีสะเก/","GONE","","410","Quarantined off-topic / spam legacy URL"
"/รับจำนำโน๊ตบุ๊คอำนาจเจ/","GONE","","410","Quarantined off-topic / spam legacy URL"
"/รับจำนำโน๊ตบุ๊คอุบล/","GONE","","410","Quarantined off-topic / spam legacy URL"
"/รับจำนำไอแพด-จังหวัดยโส/","GONE","","410","Quarantined off-topic / spam legacy URL"
"/รับจำนำไอโฟน-11-รับจำนำ-iphone-11/","GONE","","410","Quarantined off-topic / spam legacy URL"
"/รับจำนำไอโฟน-12-รับจำนำ-iphone-12/","GONE","","410","Quarantined off-topic / spam legacy URL"
"/รับจำนำไอโฟน-13-รับจำนำ-iphone-13/","GONE","","410","Quarantined off-topic / spam legacy URL"
"/รับจำนำไอโฟน-14-รับจำนำ-iphone-14/","GONE","","410","Quarantined off-topic / spam legacy URL"
"/รับจำนำไอโฟน-จังหวัดยโส/","GONE","","410","Quarantined off-topic / spam legacy URL"
"/รับจำนำไอโฟน-อุบล/","GONE","","410","Quarantined off-topic / spam legacy URL"
"/รับซื้อ-apple-watch-ใกล้ฉัน/","REDIRECT","/รับซื้อ-apple-watch/","301","Normalized 301 consolidation"
"/รับซื้อ-macbook-จังหวัดกาฬสินธ/","REDIRECT","/รับซื้อแมคบุ๊ค/","301","EXISTING_REDIRECT consolidation"
"/รับซื้อ-macbook-จังหวัดนครพนม/","REDIRECT","/รับซื้อแมคบุ๊ค/","301","EXISTING_REDIRECT consolidation"
"/รับซื้อ-macbook-จังหวัดนครราชส/","REDIRECT","/รับซื้อแมคบุ๊ค/","301","EXISTING_REDIRECT consolidation"
"/รับซื้อ-macbook-จังหวัดบุรีรัม/","REDIRECT","/รับซื้อแมคบุ๊ค/","301","EXISTING_REDIRECT consolidation"
"/รับซื้อ-macbook-จังหวัดมุกดาหา/","REDIRECT","/รับซื้อแมคบุ๊ค/","301","EXISTING_REDIRECT consolidation"
"/รับซื้อ-macbook-จังหวัดร้อยเอ็/","REDIRECT","/รับซื้อแมคบุ๊ค/","301","EXISTING_REDIRECT consolidation"
"/รับซื้อ-macbook-จังหวัดสุรินทร/","REDIRECT","/รับซื้อแมคบุ๊ค/","301","EXISTING_REDIRECT consolidation"
"/รับซื้อ-macbook-แม็คบุ๊ค-ใกล้ฉั/","REDIRECT","/รับซื้อแมคบุ๊ค/","301","NEW_REDIRECT consolidation"
"/รับซื้อ-macbook-แม็คบุ๊ค/","REDIRECT","/รับซื้อแมคบุ๊ค/","301","NEW_REDIRECT consolidation"
"/รับซื้อ-macbook/","REDIRECT","/รับซื้อแมคบุ๊ค/","301","EXISTING_REDIRECT consolidation"
"/รับซื้อ-notebook-ใกล้ฉัน/","REDIRECT","/รับซื้อโน๊ตบุ๊ค/","301","NEW_REDIRECT consolidation"
"/รับซื้อ-ps4-อุบล-play-station-4/","GONE","","410","Quarantined off-topic / spam legacy URL"
"/รับซื้อ-server/","HOLD_NOINDEX","/รับซื้อ-server/","200","REBUILD_INDEX survivor candidate awaiting unique content (CONTENT_REQUIRED)"
"/รับซื้อ-โน๊ตบุ๊คnotebookจังหวั/","GONE","","410","Quarantined off-topic / spam legacy URL"
"/รับซื้อ-ใกล้ฉัน/","REDIRECT","/รับซื้อ/","301","Normalized 301 consolidation"
"/รับซื้อกระดาษ-a4/","GONE","","410","Quarantined off-topic / spam legacy URL"
"/รับซื้อกล้อง-canon-2/","HOLD_NOINDEX","/รับซื้อกล้อง-canon-2/","200","Historical survivor in hold/review"
"/รับซื้อกล้อง-canon/","HOLD_NOINDEX","/รับซื้อกล้อง-canon/","200","Historical survivor in hold/review"
"/รับซื้อกล้อง-nikon-รับซื้อกล/","HOLD_NOINDEX","/รับซื้อกล้อง-nikon-รับซื้อกล/","200","Historical survivor in hold/review"
"/รับซื้อกล้อง-sony-a6400/","HOLD_NOINDEX","/รับซื้อกล้อง-sony-a6400/","200","Historical survivor in hold/review"
"/รับซื้อกล้อง-sony-a7/","HOLD_NOINDEX","/รับซื้อกล้อง-sony-a7/","200","Historical survivor in hold/review"
"/รับซื้อกล้อง-sony-rx100/","HOLD_NOINDEX","/รับซื้อกล้อง-sony-rx100/","200","Historical survivor in hold/review"
"/รับซื้อกล้อง-รับซื้อกล้/","REDIRECT","/รับซื้อกล้อง/","301","NEW_REDIRECT consolidation"
"/รับซื้อกล้อง-รับซื้อเลน/","HOLD_NOINDEX","/รับซื้อกล้อง-รับซื้อเลน/","200","Historical survivor in hold/review"
"/รับซื้อกล้อง-ใกล้ฉัน/","HOLD_NOINDEX","/รับซื้อกล้อง-ใกล้ฉัน/","200","Historical survivor in hold/review"
"/รับซื้อกล้อง-ให้ราคาสูง/","REDIRECT","/รับซื้อกล้อง/","301","NEW_REDIRECT consolidation"
"/รับซื้อกล้องถ่ายรูป/","REDIRECT","/รับซื้อกล้อง/","301","NEW_REDIRECT consolidation"
"/รับซื้อกล้องนครราชสีมา/","HOLD_NOINDEX","/รับซื้อกล้องนครราชสีมา/","200","Historical survivor in hold/review"
"/รับซื้อกล้องมือสอง-กาฬ-2/","GONE","","410","Quarantined off-topic / spam legacy URL"
"/รับซื้อกล้องมือสอง-ขอน-2/","GONE","","410","Quarantined off-topic / spam legacy URL"
"/รับซื้อกล้องมือสอง-บุรี/","REDIRECT","/รับซื้อกล้อง/","301","Normalized 301 consolidation"
"/รับซื้อกล้องมือสอง-ร้อ-2/","GONE","","410","Quarantined off-topic / spam legacy URL"
"/รับซื้อกล้องมือสอง-อำน-2/","GONE","","410","Quarantined off-topic / spam legacy URL"
"/รับซื้อกล้องมือสองกาฬ/","HOLD_NOINDEX","/รับซื้อกล้องมือสองกาฬ/","200","Historical survivor in hold/review"
"/รับซื้อกล้องมือสองขอนแ/","HOLD_NOINDEX","/รับซื้อกล้องมือสองขอนแ/","200","Historical survivor in hold/review"
"/รับซื้อกล้องมือสองนครร/","HOLD_NOINDEX","/รับซื้อกล้องมือสองนครร/","200","Historical survivor in hold/review"
"/รับซื้อกล้องมือสองบึง/","HOLD_NOINDEX","/รับซื้อกล้องมือสองบึง/","200","Historical survivor in hold/review"
"/รับซื้อกล้องมือสองบุรี/","HOLD_NOINDEX","/รับซื้อกล้องมือสองบุรี/","200","Historical survivor in hold/review"
"/รับซื้อกล้องมือสองมหา/","HOLD_NOINDEX","/รับซื้อกล้องมือสองมหา/","200","Historical survivor in hold/review"
"/รับซื้อกล้องมือสองมุก/","HOLD_NOINDEX","/รับซื้อกล้องมือสองมุก/","200","REBUILD_INDEX survivor candidate awaiting unique content (CONTENT_REQUIRED)"
"/รับซื้อกล้องมือสองมุกด/","HOLD_NOINDEX","/รับซื้อกล้องมือสองมุกด/","200","Historical survivor in hold/review"
"/รับซื้อกล้องมือสองยโสธ/","HOLD_NOINDEX","/รับซื้อกล้องมือสองยโสธ/","200","Historical survivor in hold/review"
"/รับซื้อกล้องมือสองศรี/","HOLD_NOINDEX","/รับซื้อกล้องมือสองศรี/","200","Historical survivor in hold/review"
"/รับซื้อกล้องมือสองสุร/","HOLD_NOINDEX","/รับซื้อกล้องมือสองสุร/","200","REBUILD_INDEX survivor candidate awaiting unique content (CONTENT_REQUIRED)"
"/รับซื้อกล้องมือสองหนอ/","HOLD_NOINDEX","/รับซื้อกล้องมือสองหนอ/","200","Historical survivor in hold/review"
"/รับซื้อกล้องมือสองอุดร/","HOLD_NOINDEX","/รับซื้อกล้องมือสองอุดร/","200","Historical survivor in hold/review"
"/รับซื้อกล้องมือสองอุบล/","HOLD_NOINDEX","/รับซื้อกล้องมือสองอุบล/","200","Historical survivor in hold/review"
"/รับซื้อกล้องเลนส์/","HOLD_NOINDEX","/รับซื้อกล้องเลนส์/","200","Historical survivor in hold/review"
"/รับซื้อคอม-ใกล้ฉัน/","REDIRECT","/รับซื้อคอม/","301","Normalized 301 consolidation"
"/รับซื้อคอมประกอบ-ใกล้ฉัน/","REDIRECT","/รับซื้อคอมประกอบ/","301","Normalized 301 consolidation"
"/รับซื้อคอมพิวเตอร์-ภูเก/","REDIRECT","/รับซื้อคอม/","301","Normalized 301 consolidation"
"/รับซื้อตั๋วจำนำ/","GONE","","410","Quarantined off-topic / spam legacy URL"
"/รับซื้อตั๋วจำนำกมลาไสย/","GONE","","410","Quarantined off-topic / spam legacy URL"
"/รับซื้อตั๋วจำนำกันทรลั/","GONE","","410","Quarantined off-topic / spam legacy URL"
"/รับซื้อตั๋วจำนำกันทรวิ/","GONE","","410","Quarantined off-topic / spam legacy URL"
"/รับซื้อตั๋วจำนำขุขันธ์/","GONE","","410","Quarantined off-topic / spam legacy URL"
"/รับซื้อตั๋วจำนำคำชะอี/","GONE","","410","Quarantined off-topic / spam legacy URL"
"/รับซื้อตั๋วจำนำคำเขื่อ/","GONE","","410","Quarantined off-topic / spam legacy URL"
"/รับซื้อตั๋วจำนำจัตุรัส/","GONE","","410","Quarantined off-topic / spam legacy URL"
"/รับซื้อตั๋วจำนำชานุมาน/","GONE","","410","Quarantined off-topic / spam legacy URL"
"/รับซื้อตั๋วจำนำชุมแพ/","GONE","","410","Quarantined off-topic / spam legacy URL"
"/รับซื้อตั๋วจำนำท่าบ่อ/","GONE","","410","Quarantined off-topic / spam legacy URL"
"/รับซื้อตั๋วจำนำธวัชบุร/","GONE","","410","Quarantined off-topic / spam legacy URL"
"/รับซื้อตั๋วจำนำธาตุพนม/","GONE","","410","Quarantined off-topic / spam legacy URL"
"/รับซื้อตั๋วจำนำนากลาง/","GONE","","410","Quarantined off-topic / spam legacy URL"
"/รับซื้อตั๋วจำนำนางรอง/","GONE","","410","Quarantined off-topic / spam legacy URL"
"/รับซื้อตั๋วจำนำนิคมคำส/","GONE","","410","Quarantined off-topic / spam legacy URL"
"/รับซื้อตั๋วจำนำบ้านผือ/","GONE","","410","Quarantined off-topic / spam legacy URL"
"/รับซื้อตั๋วจำนำบ้านเขว/","GONE","","410","Quarantined off-topic / spam legacy URL"
"/รับซื้อตั๋วจำนำบ้านไผ่/","GONE","","410","Quarantined off-topic / spam legacy URL"
"/รับซื้อตั๋วจำนำปทุมราช/","GONE","","410","Quarantined off-topic / spam legacy URL"
"/รับซื้อตั๋วจำนำประโคนช/","GONE","","410","Quarantined off-topic / spam legacy URL"
"/รับซื้อตั๋วจำนำปราสาท/","GONE","","410","Quarantined off-topic / spam legacy URL"
"/รับซื้อตั๋วจำนำปากช่อง/","GONE","","410","Quarantined off-topic / spam legacy URL"
"/รับซื้อตั๋วจำนำพรเจริญ/","GONE","","410","Quarantined off-topic / spam legacy URL"
"/รับซื้อตั๋วจำนำมหาชนะช/","GONE","","410","Quarantined off-topic / spam legacy URL"
"/รับซื้อตั๋วจำนำยางตลาด/","GONE","","410","Quarantined off-topic / spam legacy URL"
"/รับซื้อตั๋วจำนำรัตนบุร/","GONE","","410","Quarantined off-topic / spam legacy URL"
"/รับซื้อตั๋วจำนำวังสะพุ/","GONE","","410","Quarantined off-topic / spam legacy URL"
"/รับซื้อตั๋วจำนำวาริชภู/","GONE","","410","Quarantined off-topic / spam legacy URL"
"/รับซื้อตั๋วจำนำวารินชำ/","GONE","","410","Quarantined off-topic / spam legacy URL"
"/รับซื้อตั๋วจำนำศรีบุญเ/","GONE","","410","Quarantined off-topic / spam legacy URL"
"/รับซื้อตั๋วจำนำศรีเชีย/","GONE","","410","Quarantined off-topic / spam legacy URL"
"/รับซื้อตั๋วจำนำหนองหาน/","GONE","","410","Quarantined off-topic / spam legacy URL"
"/รับซื้อตั๋วจำนำอากาศอำ/","GONE","","410","Quarantined off-topic / spam legacy URL"
"/รับซื้อตั๋วจำนำเชียงคา/","GONE","","410","Quarantined off-topic / spam legacy URL"
"/รับซื้อตั๋วจำนำเซกา/","GONE","","410","Quarantined off-topic / spam legacy URL"
"/รับซื้อตั๋วจำนำเดชอุดม/","GONE","","410","Quarantined off-topic / spam legacy URL"
"/รับซื้อตั๋วจำนำเมืองกา/","GONE","","410","Quarantined off-topic / spam legacy URL"
"/รับซื้อตั๋วจำนำเมืองขอ/","GONE","","410","Quarantined off-topic / spam legacy URL"
"/รับซื้อตั๋วจำนำเมืองชั/","GONE","","410","Quarantined off-topic / spam legacy URL"
"/รับซื้อตั๋วจำนำเมืองนค-2/","GONE","","410","Quarantined off-topic / spam legacy URL"
"/รับซื้อตั๋วจำนำเมืองนค/","GONE","","410","Quarantined off-topic / spam legacy URL"
"/รับซื้อตั๋วจำนำเมืองบึ/","GONE","","410","Quarantined off-topic / spam legacy URL"
"/รับซื้อตั๋วจำนำเมืองบุ/","GONE","","410","Quarantined off-topic / spam legacy URL"
"/รับซื้อตั๋วจำนำเมืองมห/","GONE","","410","Quarantined off-topic / spam legacy URL"
"/รับซื้อตั๋วจำนำเมืองมุ/","GONE","","410","Quarantined off-topic / spam legacy URL"
"/รับซื้อตั๋วจำนำเมืองยโ/","GONE","","410","Quarantined off-topic / spam legacy URL"
"/รับซื้อตั๋วจำนำเมืองร้/","GONE","","410","Quarantined off-topic / spam legacy URL"
"/รับซื้อตั๋วจำนำเมืองศร/","GONE","","410","Quarantined off-topic / spam legacy URL"
"/รับซื้อตั๋วจำนำเมืองสก/","GONE","","410","Quarantined off-topic / spam legacy URL"
"/รับซื้อตั๋วจำนำเมืองสุ/","GONE","","410","Quarantined off-topic / spam legacy URL"
"/รับซื้อตั๋วจำนำเมืองหน-2/","GONE","","410","Quarantined off-topic / spam legacy URL"
"/รับซื้อตั๋วจำนำเมืองหน/","GONE","","410","Quarantined off-topic / spam legacy URL"
"/รับซื้อตั๋วจำนำเมืองอำ/","GONE","","410","Quarantined off-topic / spam legacy URL"
"/รับซื้อตั๋วจำนำเมืองอุ-2/","GONE","","410","Quarantined off-topic / spam legacy URL"
"/รับซื้อตั๋วจำนำเมืองอุ/","GONE","","410","Quarantined off-topic / spam legacy URL"
"/รับซื้อตั๋วจำนำเมืองเล/","GONE","","410","Quarantined off-topic / spam legacy URL"
"/รับซื้อตั๋วจำนำเรณูนคร/","GONE","","410","Quarantined off-topic / spam legacy URL"
"/รับซื้อตั๋วจำนำโกสุมพิ/","GONE","","410","Quarantined off-topic / spam legacy URL"
"/รับซื้อตั๋วจำนำโนนสูง/","GONE","","410","Quarantined off-topic / spam legacy URL"
"/รับซื้อตั๋วจำนำโพนทอง/","GONE","","410","Quarantined off-topic / spam legacy URL"
"/รับซื้อมือถือ-ใกล้ฉัน-มห/","GONE","","410","Quarantined off-topic / spam legacy URL"
"/รับซื้อลำโพง-ยโสธร/","HOLD_NOINDEX","/รับซื้อลำโพง-ยโสธร/","200","REBUILD_INDEX survivor candidate awaiting unique content (CONTENT_REQUIRED)"
"/รับซื้อลำโพง-ร้อยเอ็ด-jbl-marshall/","HOLD_NOINDEX","/รับซื้อลำโพง-ร้อยเอ็ด-jbl-marshall/","200","REBUILD_INDEX survivor candidate awaiting unique content (CONTENT_REQUIRED)"
"/รับซื้อลำโพง-สารคาม/","INDEX","/รับซื้อลำโพง-สารคาม/","200","Approved historical survivor preserved & rebuilt (READY)"
"/รับซื้อลำโพง-อุดรธานี/","INDEX","/รับซื้อลำโพง-อุดรธานี/","200","Approved historical survivor preserved & rebuilt (READY)"
"/รับซื้อลำโพง-ใกล้ฉัน/","REDIRECT","/รับซื้อลำโพง/","301","Normalized 301 consolidation"
"/รับซื้อสมาร์ทโฟน-android-ใกล้ฉัน/","REDIRECT","/รับซื้อสมาร์ทโฟน-android/","301","Normalized 301 consolidation"
"/รับซื้อเครื่องเกม-ใกล้ฉัน/","REDIRECT","/รับซื้อเครื่องเกม/","301","Normalized 301 consolidation"
"/รับซื้อเหรียญญี่ปุ่น-รั/","GONE","","410","Quarantined off-topic / spam legacy URL"
"/รับซื้อเหล้า-100-pipers/","GONE","","410","Quarantined off-topic / spam legacy URL"
"/รับซื้อเหล้า-black-label/","GONE","","410","Quarantined off-topic / spam legacy URL"
"/รับซื้อเหล้า-blue-label/","GONE","","410","Quarantined off-topic / spam legacy URL"
"/รับซื้อเหล้า-jack-danails/","GONE","","410","Quarantined off-topic / spam legacy URL"
"/รับซื้อเหล้า-jameson/","GONE","","410","Quarantined off-topic / spam legacy URL"
"/รับซื้อเหล้า-อำเภอกระทุ/","GONE","","410","Quarantined off-topic / spam legacy URL"
"/รับซื้อเหล้า-อำเภอกำแพง/","GONE","","410","Quarantined off-topic / spam legacy URL"
"/รับซื้อเหล้า-อำเภอคลองห/","GONE","","410","Quarantined off-topic / spam legacy URL"
"/รับซื้อเหล้า-อำเภอดอนตู/","GONE","","410","Quarantined off-topic / spam legacy URL"
"/รับซื้อเหล้า-อำเภอธัญบุ/","GONE","","410","Quarantined off-topic / spam legacy URL"
"/รับซื้อเหล้า-อำเภอนครชั/","GONE","","410","Quarantined off-topic / spam legacy URL"
"/รับซื้อเหล้า-อำเภอบางกร/","GONE","","410","Quarantined off-topic / spam legacy URL"
"/รับซื้อเหล้า-อำเภอบางบั/","GONE","","410","Quarantined off-topic / spam legacy URL"
"/รับซื้อเหล้า-อำเภอบางบ่/","GONE","","410","Quarantined off-topic / spam legacy URL"
"/รับซื้อเหล้า-อำเภอบางพล/","GONE","","410","Quarantined off-topic / spam legacy URL"
"/รับซื้อเหล้า-อำเภอบางเล/","GONE","","410","Quarantined off-topic / spam legacy URL"
"/รับซื้อเหล้า-อำเภอบางเส/","GONE","","410","Quarantined off-topic / spam legacy URL"
"/รับซื้อเหล้า-อำเภอบางให/","GONE","","410","Quarantined off-topic / spam legacy URL"
"/รับซื้อเหล้า-อำเภอบ้านแ/","GONE","","410","Quarantined off-topic / spam legacy URL"
"/รับซื้อเหล้า-อำเภอปากเก/","GONE","","410","Quarantined off-topic / spam legacy URL"
"/รับซื้อเหล้า-อำเภอพระปร/","GONE","","410","Quarantined off-topic / spam legacy URL"
"/รับซื้อเหล้า-อำเภอพระสม/","GONE","","410","Quarantined off-topic / spam legacy URL"
"/รับซื้อเหล้า-อำเภอพุทธม/","GONE","","410","Quarantined off-topic / spam legacy URL"
"/รับซื้อเหล้า-อำเภอลาดหล/","GONE","","410","Quarantined off-topic / spam legacy URL"
"/รับซื้อเหล้า-อำเภอลำลูก/","GONE","","410","Quarantined off-topic / spam legacy URL"
"/รับซื้อเหล้า-อำเภอสามพร/","GONE","","410","Quarantined off-topic / spam legacy URL"
"/รับซื้อเหล้า-อำเภอสามโค/","GONE","","410","Quarantined off-topic / spam legacy URL"
"/รับซื้อเหล้า-อำเภอหนองเ/","GONE","","410","Quarantined off-topic / spam legacy URL"
"/รับซื้อเหล้า-อำเภอเมือ-2/","GONE","","410","Quarantined off-topic / spam legacy URL"
"/รับซื้อเหล้า-อำเภอเมือ-3/","GONE","","410","Quarantined off-topic / spam legacy URL"
"/รับซื้อเหล้า-อำเภอเมือ-4/","GONE","","410","Quarantined off-topic / spam legacy URL"
"/รับซื้อเหล้า-อำเภอเมือ-5/","GONE","","410","Quarantined off-topic / spam legacy URL"
"/รับซื้อเหล้า-อำเภอเมือง/","GONE","","410","Quarantined off-topic / spam legacy URL"
"/รับซื้อเหล้า-อำเภอไทรน้/","GONE","","410","Quarantined off-topic / spam legacy URL"
"/รับซื้อเหล้า-เขตคลองสาน/","GONE","","410","Quarantined off-topic / spam legacy URL"
"/รับซื้อเหล้า-เขตคลองสาม/","GONE","","410","Quarantined off-topic / spam legacy URL"
"/รับซื้อเหล้า-เขตคลองเตย/","GONE","","410","Quarantined off-topic / spam legacy URL"
"/รับซื้อเหล้า-เขตคันนายา/","GONE","","410","Quarantined off-topic / spam legacy URL"
"/รับซื้อเหล้า-เขตจตุจักร/","GONE","","410","Quarantined off-topic / spam legacy URL"
"/รับซื้อเหล้า-เขตจอมทอง/","GONE","","410","Quarantined off-topic / spam legacy URL"
"/รับซื้อเหล้า-เขตดอนเมือ/","GONE","","410","Quarantined off-topic / spam legacy URL"
"/รับซื้อเหล้า-เขตดินแดง/","GONE","","410","Quarantined off-topic / spam legacy URL"
"/รับซื้อเหล้า-เขตดุสิต/","GONE","","410","Quarantined off-topic / spam legacy URL"
"/รับซื้อเหล้า-เขตตลิ่งชั/","GONE","","410","Quarantined off-topic / spam legacy URL"
"/รับซื้อเหล้า-เขตทวีวัฒน/","GONE","","410","Quarantined off-topic / spam legacy URL"
"/รับซื้อเหล้า-เขตทุ่งครุ/","GONE","","410","Quarantined off-topic / spam legacy URL"
"/รับซื้อเหล้า-เขตธนบุรี/","GONE","","410","Quarantined off-topic / spam legacy URL"
"/รับซื้อเหล้า-เขตบางกอกน/","GONE","","410","Quarantined off-topic / spam legacy URL"
"/รับซื้อเหล้า-เขตบางกอกใ/","GONE","","410","Quarantined off-topic / spam legacy URL"
"/รับซื้อเหล้า-เขตบางกะปิ/","GONE","","410","Quarantined off-topic / spam legacy URL"
"/รับซื้อเหล้า-เขตบางขุนเ/","GONE","","410","Quarantined off-topic / spam legacy URL"
"/รับซื้อเหล้า-เขตบางคอแห/","GONE","","410","Quarantined off-topic / spam legacy URL"
"/รับซื้อเหล้า-เขตบางซื่อ/","GONE","","410","Quarantined off-topic / spam legacy URL"
"/รับซื้อเหล้า-เขตบางนา/","GONE","","410","Quarantined off-topic / spam legacy URL"
"/รับซื้อเหล้า-เขตบางบอน/","GONE","","410","Quarantined off-topic / spam legacy URL"
"/รับซื้อเหล้า-เขตบางพลัด/","GONE","","410","Quarantined off-topic / spam legacy URL"
"/รับซื้อเหล้า-เขตบางรัก/","GONE","","410","Quarantined off-topic / spam legacy URL"
"/รับซื้อเหล้า-เขตบางเขน/","GONE","","410","Quarantined off-topic / spam legacy URL"
"/รับซื้อเหล้า-เขตบางแค/","GONE","","410","Quarantined off-topic / spam legacy URL"
"/รับซื้อเหล้า-เขตบึงกุ่ม/","GONE","","410","Quarantined off-topic / spam legacy URL"
"/รับซื้อเหล้า-เขตปทุมวัน/","GONE","","410","Quarantined off-topic / spam legacy URL"
"/รับซื้อเหล้า-เขตประเวศ/","GONE","","410","Quarantined off-topic / spam legacy URL"
"/รับซื้อเหล้า-เขตป้อมปรา/","GONE","","410","Quarantined off-topic / spam legacy URL"
"/รับซื้อเหล้า-เขตพญาไท/","GONE","","410","Quarantined off-topic / spam legacy URL"
"/รับซื้อเหล้า-เขตพระนคร/","GONE","","410","Quarantined off-topic / spam legacy URL"
"/รับซื้อเหล้า-เขตพระโขนง/","GONE","","410","Quarantined off-topic / spam legacy URL"
"/รับซื้อเหล้า-เขตภาษีเจร/","GONE","","410","Quarantined off-topic / spam legacy URL"
"/รับซื้อเหล้า-เขตมีนบุรี/","GONE","","410","Quarantined off-topic / spam legacy URL"
"/รับซื้อเหล้า-เขตยานนาวา/","GONE","","410","Quarantined off-topic / spam legacy URL"
"/รับซื้อเหล้า-เขตราชเทวี/","GONE","","410","Quarantined off-topic / spam legacy URL"
"/รับซื้อเหล้า-เขตราษฎร์บ/","GONE","","410","Quarantined off-topic / spam legacy URL"
"/รับซื้อเหล้า-เขตลาดกระบ/","GONE","","410","Quarantined off-topic / spam legacy URL"
"/รับซื้อเหล้า-เขตลาดพร้า/","GONE","","410","Quarantined off-topic / spam legacy URL"
"/รับซื้อเหล้า-เขตวังทองห/","GONE","","410","Quarantined off-topic / spam legacy URL"
"/รับซื้อเหล้า-เขตวัฒนา/","GONE","","410","Quarantined off-topic / spam legacy URL"
"/รับซื้อเหล้า-เขตสวนหลวง/","GONE","","410","Quarantined off-topic / spam legacy URL"
"/รับซื้อเหล้า-เขตสะพานสู/","GONE","","410","Quarantined off-topic / spam legacy URL"
"/รับซื้อเหล้า-เขตสัมพันธ/","GONE","","410","Quarantined off-topic / spam legacy URL"
"/รับซื้อเหล้า-เขตสาทร/","GONE","","410","Quarantined off-topic / spam legacy URL"
"/รับซื้อเหล้า-เขตสายไหม/","GONE","","410","Quarantined off-topic / spam legacy URL"
"/รับซื้อเหล้า-เขตหนองจอก/","GONE","","410","Quarantined off-topic / spam legacy URL"
"/รับซื้อเหล้า-เขตหนองแขม/","GONE","","410","Quarantined off-topic / spam legacy URL"
"/รับซื้อเหล้า-เขตหลักสี่/","GONE","","410","Quarantined off-topic / spam legacy URL"
"/รับซื้อเหล้า-เขตห้วยขวา/","GONE","","410","Quarantined off-topic / spam legacy URL"
"/รับซื้อเหล้า-ใกล้ฉัน/","GONE","","410","Quarantined off-topic / spam legacy URL"
"/รับซื้อเหล้า/","GONE","","410","Quarantined off-topic / spam legacy URL"
"/รับซื้อเหล้าซีวาส-chivas/","GONE","","410","Quarantined off-topic / spam legacy URL"
"/รับซื้อเหล้ารีเจนซี่/","GONE","","410","Quarantined off-topic / spam legacy URL"
"/รับซื้อเหล้าเก่า-รับซื้/","GONE","","410","Quarantined off-topic / spam legacy URL"
"/รับซื้อเหล้าเรด-เลเบิ้ล/","GONE","","410","Quarantined off-topic / spam legacy URL"
"/รับซื้อเหล้าเฮนเนสซี่-hennessy/","GONE","","410","Quarantined off-topic / spam legacy URL"
"/รับซื้อแมคบุ๊ค-macbook-ยโสธร/","REDIRECT","/รับซื้อแมคบุ๊ค/","301","EXISTING_REDIRECT consolidation"
"/รับซื้อแมคบุ๊ค-macbook/","REDIRECT","/รับซื้อแมคบุ๊ค/","301","NEW_REDIRECT consolidation"
"/รับซื้อแมคบุ๊ค-ใกล้ฉัน/","REDIRECT","/รับซื้อแมคบุ๊ค/","301","Normalized 301 consolidation"
"/รับซื้อแม็คบุ๊ค-macbook/","REDIRECT","/รับซื้อแมคบุ๊ค/","301","NEW_REDIRECT consolidation"
"/รับซื้อโทรศัพท์-มือถือ-ย/","GONE","","410","Quarantined off-topic / spam legacy URL"
"/รับซื้อโน๊ตบุ๊ค-ศรีสะเก/","REDIRECT","/รับซื้อโน๊ตบุ๊ค/","301","Normalized 301 consolidation"
"/รับซื้อโน๊ตบุ๊ค-ใกล้ฉัน/","REDIRECT","/รับซื้อโน๊ตบุ๊ค/","301","Normalized 301 consolidation"
"/รับซื้อโน๊ตบุ๊คมือสอง-อ/","GONE","","410","Quarantined off-topic / spam legacy URL"
"/รับซื้อโน๊ตบุ๊คอุบล-notebook-laptop-จ/","GONE","","410","Quarantined off-topic / spam legacy URL"
"/รับซื้อโมเดล-อุบล-รับซื้/","GONE","","410","Quarantined off-topic / spam legacy URL"
"/รับซื้อไอแพด-ยโสธร-ipad/","HOLD_NOINDEX","/รับซื้อไอแพด-ยโสธร-ipad/","200","REBUILD_INDEX survivor candidate awaiting unique content (CONTENT_REQUIRED)"
"/รับซื้อไอแพด-ใกล้ฉัน/","REDIRECT","/รับซื้อไอแพด/","301","Normalized 301 consolidation"
"/รับซื้อไอโฟน-15-iphone-15/","HOLD_NOINDEX","/รับซื้อไอโฟน-15-iphone-15/","200","Historical survivor in hold/review"
"/รับซื้อไอโฟน-iphone-ร้อยเอ็ด/","HOLD_NOINDEX","/รับซื้อไอโฟน-iphone-ร้อยเอ็ด/","200","REBUILD_INDEX survivor candidate awaiting unique content (CONTENT_REQUIRED)"
"/รับซื้อไอโฟน-iphone-อุบล/","HOLD_NOINDEX","/รับซื้อไอโฟน-iphone-อุบล/","200","Historical survivor in hold/review"
"/รับซื้อไอโฟน-ขอนแก่น/","HOLD_NOINDEX","/รับซื้อไอโฟน-ขอนแก่น/","200","REBUILD_INDEX survivor candidate awaiting unique content (CONTENT_REQUIRED)"
"/รับซื้อไอโฟน-จังหวัดอุด/","HOLD_NOINDEX","/รับซื้อไอโฟน-จังหวัดอุด/","200","REBUILD_INDEX survivor candidate awaiting unique content (CONTENT_REQUIRED)"
"/รับซื้อไอโฟน-ยโสธร/","HOLD_NOINDEX","/รับซื้อไอโฟน-ยโสธร/","200","REBUILD_INDEX survivor candidate awaiting unique content (CONTENT_REQUIRED)"
"/รับซื้อไอโฟน-ใกล้ฉัน/","REDIRECT","/รับซื้อไอโฟน/","301","Normalized 301 consolidation"
"/รับซื้อไอโฟนใกล้ฉัน/","REDIRECT","/รับซื้อไอโฟน/","301","NEW_REDIRECT consolidation"
"/ร้านจำนำในอุบล/","GONE","","410","Quarantined off-topic / spam legacy URL"
"/ร้านรับจำนำมือถือใกล้ฉ/","GONE","","410","Quarantined off-topic / spam legacy URL"
"/ร้านรับจำนำยโสธร/","GONE","","410","Quarantined off-topic / spam legacy URL"
"/ร้านรับจํานําลําโพงบลู/","GONE","","410","Quarantined off-topic / spam legacy URL"
"/ร้านรับซื้อโน๊ตบุ๊คอุบ-2/","HOLD_NOINDEX","/ร้านรับซื้อโน๊ตบุ๊คอุบ-2/","200","Historical survivor in hold/review"
"/ร้านรับซื้อโน๊ตบุ๊คในอ/","HOLD_NOINDEX","/ร้านรับซื้อโน๊ตบุ๊คในอ/","200","Historical survivor in hold/review"
"/อันดับ-1-รับจำนำกล้อง-อุบ/","GONE","","410","Quarantined off-topic / spam legacy URL"
"/อุบล-รับจำนำ-จำนำมือถือ/","GONE","","410","Quarantined off-topic / spam legacy URL"
"[object Object]","404","","404","Unapproved legacy route"
"[object Object]","404","","404","Unapproved legacy route"
"[object Object]","404","","404","Unapproved legacy route"
"[object Object]","404","","404","Unapproved legacy route"
"[object Object]","404","","404","Unapproved legacy route"
"[object Object]","404","","404","Unapproved legacy route"
"[object Object]","404","","404","Unapproved legacy route"
"[object Object]","404","","404","Unapproved legacy route"
"[object Object]","404","","404","Unapproved legacy route"
"[object Object]","404","","404","Unapproved legacy route"
"[object Object]","404","","404","Unapproved legacy route"
"[object Object]","404","","404","Unapproved legacy route"
"[object Object]","404","","404","Unapproved legacy route"
"[object Object]","404","","404","Unapproved legacy route"
"[object Object]","404","","404","Unapproved legacy route"
"[object Object]","404","","404","Unapproved legacy route"
"[object Object]","404","","404","Unapproved legacy route"
"[object Object]","404","","404","Unapproved legacy route"
"[object Object]","404","","404","Unapproved legacy route"
"[object Object]","404","","404","Unapproved legacy route"
"[object Object]","404","","404","Unapproved legacy route"
"[object Object]","404","","404","Unapproved legacy route"
"[object Object]","404","","404","Unapproved legacy route"
"[object Object]","404","","404","Unapproved legacy route"
"[object Object]","404","","404","Unapproved legacy route"
"[object Object]","404","","404","Unapproved legacy route"
"[object Object]","404","","404","Unapproved legacy route"
"[object Object]","404","","404","Unapproved legacy route"
"[object Object]","404","","404","Unapproved legacy route"
"[object Object]","404","","404","Unapproved legacy route"
"[object Object]","404","","404","Unapproved legacy route"
"[object Object]","404","","404","Unapproved legacy route"
"[object Object]","404","","404","Unapproved legacy route"
"[object Object]","404","","404","Unapproved legacy route"
"[object Object]","404","","404","Unapproved legacy route"
"[object Object]","404","","404","Unapproved legacy route"
"[object Object]","404","","404","Unapproved legacy route"
"[object Object]","404","","404","Unapproved legacy route"
"[object Object]","404","","404","Unapproved legacy route"
"[object Object]","404","","404","Unapproved legacy route"
"[object Object]","404","","404","Unapproved legacy route"
"[object Object]","404","","404","Unapproved legacy route"
"[object Object]","404","","404","Unapproved legacy route"
"[object Object]","404","","404","Unapproved legacy route"
"[object Object]","404","","404","Unapproved legacy route"
"[object Object]","404","","404","Unapproved legacy route"
"[object Object]","404","","404","Unapproved legacy route"
"[object Object]","404","","404","Unapproved legacy route"
"[object Object]","404","","404","Unapproved legacy route"
"[object Object]","404","","404","Unapproved legacy route"
"[object Object]","404","","404","Unapproved legacy route"
"[object Object]","404","","404","Unapproved legacy route"
"[object Object]","404","","404","Unapproved legacy route"
"[object Object]","404","","404","Unapproved legacy route"
"[object Object]","404","","404","Unapproved legacy route"
"[object Object]","404","","404","Unapproved legacy route"
"[object Object]","404","","404","Unapproved legacy route"
"[object Object]","404","","404","Unapproved legacy route"
"[object Object]","404","","404","Unapproved legacy route"
"[object Object]","404","","404","Unapproved legacy route"
"[object Object]","404","","404","Unapproved legacy route"
"[object Object]","404","","404","Unapproved legacy route"
"[object Object]","404","","404","Unapproved legacy route"
"[object Object]","404","","404","Unapproved legacy route"
"[object Object]","404","","404","Unapproved legacy route"
"[object Object]","404","","404","Unapproved legacy route"
"[object Object]","404","","404","Unapproved legacy route"
"[object Object]","404","","404","Unapproved legacy route"
"[object Object]","404","","404","Unapproved legacy route"
"[object Object]","404","","404","Unapproved legacy route"
"[object Object]","404","","404","Unapproved legacy route"
"[object Object]","404","","404","Unapproved legacy route"
"[object Object]","404","","404","Unapproved legacy route"
"[object Object]","404","","404","Unapproved legacy route"
"[object Object]","404","","404","Unapproved legacy route"
"[object Object]","404","","404","Unapproved legacy route"
"[object Object]","404","","404","Unapproved legacy route"
"[object Object]","404","","404","Unapproved legacy route"
"[object Object]","404","","404","Unapproved legacy route"
"[object Object]","404","","404","Unapproved legacy route"
"[object Object]","404","","404","Unapproved legacy route"
"[object Object]","404","","404","Unapproved legacy route"
"[object Object]","404","","404","Unapproved legacy route"
"[object Object]","404","","404","Unapproved legacy route"
"[object Object]","404","","404","Unapproved legacy route"
"[object Object]","404","","404","Unapproved legacy route"
"[object Object]","404","","404","Unapproved legacy route"
"[object Object]","404","","404","Unapproved legacy route"
"[object Object]","404","","404","Unapproved legacy route"
"[object Object]","404","","404","Unapproved legacy route"
"[object Object]","404","","404","Unapproved legacy route"
"[object Object]","404","","404","Unapproved legacy route"
"[object Object]","404","","404","Unapproved legacy route"
"[object Object]","404","","404","Unapproved legacy route"
"[object Object]","404","","404","Unapproved legacy route"
"[object Object]","404","","404","Unapproved legacy route"
"[object Object]","404","","404","Unapproved legacy route"
"[object Object]","404","","404","Unapproved legacy route"
"[object Object]","404","","404","Unapproved legacy route"
"[object Object]","404","","404","Unapproved legacy route"
"[object Object]","404","","404","Unapproved legacy route"
"[object Object]","404","","404","Unapproved legacy route"
"[object Object]","404","","404","Unapproved legacy route"
"[object Object]","404","","404","Unapproved legacy route"
"[object Object]","404","","404","Unapproved legacy route"
"[object Object]","404","","404","Unapproved legacy route"
"[object Object]","404","","404","Unapproved legacy route"
"[object Object]","404","","404","Unapproved legacy route"
"[object Object]","404","","404","Unapproved legacy route"
"[object Object]","404","","404","Unapproved legacy route"
"[object Object]","404","","404","Unapproved legacy route"
"[object Object]","404","","404","Unapproved legacy route"
"[object Object]","404","","404","Unapproved legacy route"
"[object Object]","404","","404","Unapproved legacy route"
"[object Object]","404","","404","Unapproved legacy route"
"[object Object]","404","","404","Unapproved legacy route"
"[object Object]","404","","404","Unapproved legacy route"
"[object Object]","404","","404","Unapproved legacy route"
"[object Object]","404","","404","Unapproved legacy route"
"[object Object]","404","","404","Unapproved legacy route"
"[object Object]","404","","404","Unapproved legacy route"
"[object Object]","404","","404","Unapproved legacy route"
"[object Object]","404","","404","Unapproved legacy route"
"[object Object]","404","","404","Unapproved legacy route"
"[object Object]","404","","404","Unapproved legacy route"
"[object Object]","404","","404","Unapproved legacy route"
"[object Object]","404","","404","Unapproved legacy route"
"[object Object]","404","","404","Unapproved legacy route"
"[object Object]","404","","404","Unapproved legacy route"
"[object Object]","404","","404","Unapproved legacy route"
"[object Object]","404","","404","Unapproved legacy route"
"[object Object]","404","","404","Unapproved legacy route"
"[object Object]","404","","404","Unapproved legacy route"
"[object Object]","404","","404","Unapproved legacy route"
"[object Object]","404","","404","Unapproved legacy route"
"[object Object]","404","","404","Unapproved legacy route"
"[object Object]","404","","404","Unapproved legacy route"
"[object Object]","404","","404","Unapproved legacy route"
"[object Object]","404","","404","Unapproved legacy route"
"[object Object]","404","","404","Unapproved legacy route"
"[object Object]","404","","404","Unapproved legacy route"
"[object Object]","404","","404","Unapproved legacy route"
"[object Object]","404","","404","Unapproved legacy route"
"[object Object]","404","","404","Unapproved legacy route"
"[object Object]","404","","404","Unapproved legacy route"
"[object Object]","404","","404","Unapproved legacy route"
"[object Object]","404","","404","Unapproved legacy route"
"[object Object]","404","","404","Unapproved legacy route"
"[object Object]","404","","404","Unapproved legacy route"
"[object Object]","404","","404","Unapproved legacy route"
"[object Object]","404","","404","Unapproved legacy route"
"[object Object]","404","","404","Unapproved legacy route"
"[object Object]","404","","404","Unapproved legacy route"
"[object Object]","404","","404","Unapproved legacy route"
"[object Object]","404","","404","Unapproved legacy route"
"[object Object]","404","","404","Unapproved legacy route"
"[object Object]","404","","404","Unapproved legacy route"
"[object Object]","404","","404","Unapproved legacy route"
"[object Object]","404","","404","Unapproved legacy route"
"[object Object]","404","","404","Unapproved legacy route"
"[object Object]","404","","404","Unapproved legacy route"
"[object Object]","404","","404","Unapproved legacy route"
"[object Object]","404","","404","Unapproved legacy route"
"[object Object]","404","","404","Unapproved legacy route"
"[object Object]","404","","404","Unapproved legacy route"
"[object Object]","404","","404","Unapproved legacy route"
"[object Object]","404","","404","Unapproved legacy route"
"[object Object]","404","","404","Unapproved legacy route"
"[object Object]","404","","404","Unapproved legacy route"
"[object Object]","404","","404","Unapproved legacy route"
"[object Object]","404","","404","Unapproved legacy route"
"[object Object]","404","","404","Unapproved legacy route"
"[object Object]","404","","404","Unapproved legacy route"
"[object Object]","404","","404","Unapproved legacy route"
"[object Object]","404","","404","Unapproved legacy route"
"[object Object]","404","","404","Unapproved legacy route"
"[object Object]","404","","404","Unapproved legacy route"
"[object Object]","404","","404","Unapproved legacy route"
"[object Object]","404","","404","Unapproved legacy route"
"[object Object]","404","","404","Unapproved legacy route"
"[object Object]","404","","404","Unapproved legacy route"
"[object Object]","404","","404","Unapproved legacy route"
"[object Object]","404","","404","Unapproved legacy route"
"[object Object]","404","","404","Unapproved legacy route"
"[object Object]","404","","404","Unapproved legacy route"
"[object Object]","404","","404","Unapproved legacy route"
"[object Object]","404","","404","Unapproved legacy route"
"[object Object]","404","","404","Unapproved legacy route"
"[object Object]","404","","404","Unapproved legacy route"
"[object Object]","404","","404","Unapproved legacy route"
"[object Object]","404","","404","Unapproved legacy route"
"[object Object]","404","","404","Unapproved legacy route"
"[object Object]","404","","404","Unapproved legacy route"
"[object Object]","404","","404","Unapproved legacy route"
"[object Object]","404","","404","Unapproved legacy route"
"[object Object]","404","","404","Unapproved legacy route"
"[object Object]","404","","404","Unapproved legacy route"
"[object Object]","404","","404","Unapproved legacy route"
"[object Object]","404","","404","Unapproved legacy route"
"[object Object]","404","","404","Unapproved legacy route"
"[object Object]","404","","404","Unapproved legacy route"
"[object Object]","404","","404","Unapproved legacy route"
"[object Object]","404","","404","Unapproved legacy route"
"[object Object]","404","","404","Unapproved legacy route"
"[object Object]","404","","404","Unapproved legacy route"
"[object Object]","404","","404","Unapproved legacy route"
"[object Object]","404","","404","Unapproved legacy route"
"[object Object]","404","","404","Unapproved legacy route"
"[object Object]","404","","404","Unapproved legacy route"
"[object Object]","404","","404","Unapproved legacy route"
"[object Object]","404","","404","Unapproved legacy route"
"[object Object]","404","","404","Unapproved legacy route"
"[object Object]","404","","404","Unapproved legacy route"
"[object Object]","404","","404","Unapproved legacy route"
"[object Object]","404","","404","Unapproved legacy route"
"[object Object]","404","","404","Unapproved legacy route"
"[object Object]","404","","404","Unapproved legacy route"
"[object Object]","404","","404","Unapproved legacy route"
"[object Object]","404","","404","Unapproved legacy route"
"[object Object]","404","","404","Unapproved legacy route"
"[object Object]","404","","404","Unapproved legacy route"
"[object Object]","404","","404","Unapproved legacy route"
"[object Object]","404","","404","Unapproved legacy route"
"[object Object]","404","","404","Unapproved legacy route"
"[object Object]","404","","404","Unapproved legacy route"
"[object Object]","404","","404","Unapproved legacy route"
"[object Object]","404","","404","Unapproved legacy route"
"[object Object]","404","","404","Unapproved legacy route"
"[object Object]","404","","404","Unapproved legacy route"
"[object Object]","404","","404","Unapproved legacy route"
"[object Object]","404","","404","Unapproved legacy route"
"[object Object]","404","","404","Unapproved legacy route"
"[object Object]","404","","404","Unapproved legacy route"
"[object Object]","404","","404","Unapproved legacy route"
"[object Object]","404","","404","Unapproved legacy route"
"[object Object]","404","","404","Unapproved legacy route"
"[object Object]","404","","404","Unapproved legacy route"
"[object Object]","404","","404","Unapproved legacy route"
"[object Object]","404","","404","Unapproved legacy route"
"[object Object]","404","","404","Unapproved legacy route"
"[object Object]","404","","404","Unapproved legacy route"
"[object Object]","404","","404","Unapproved legacy route"
"[object Object]","404","","404","Unapproved legacy route"
"[object Object]","404","","404","Unapproved legacy route"
"[object Object]","404","","404","Unapproved legacy route"
"[object Object]","404","","404","Unapproved legacy route"
"[object Object]","404","","404","Unapproved legacy route"
"[object Object]","404","","404","Unapproved legacy route"
"[object Object]","404","","404","Unapproved legacy route"
"[object Object]","404","","404","Unapproved legacy route"
"[object Object]","404","","404","Unapproved legacy route"
"[object Object]","404","","404","Unapproved legacy route"
"[object Object]","404","","404","Unapproved legacy route"
"[object Object]","404","","404","Unapproved legacy route"
"[object Object]","404","","404","Unapproved legacy route"
"[object Object]","404","","404","Unapproved legacy route"
"[object Object]","404","","404","Unapproved legacy route"
"[object Object]","404","","404","Unapproved legacy route"
"[object Object]","404","","404","Unapproved legacy route"
"[object Object]","404","","404","Unapproved legacy route"
"[object Object]","404","","404","Unapproved legacy route"
"[object Object]","404","","404","Unapproved legacy route"
"[object Object]","404","","404","Unapproved legacy route"
"[object Object]","404","","404","Unapproved legacy route"
"[object Object]","404","","404","Unapproved legacy route"
"[object Object]","404","","404","Unapproved legacy route"
"[object Object]","404","","404","Unapproved legacy route"
"[object Object]","404","","404","Unapproved legacy route"
"[object Object]","404","","404","Unapproved legacy route"
"[object Object]","404","","404","Unapproved legacy route"
"[object Object]","404","","404","Unapproved legacy route"
"[object Object]","404","","404","Unapproved legacy route"
"[object Object]","404","","404","Unapproved legacy route"
"[object Object]","404","","404","Unapproved legacy route"
"[object Object]","404","","404","Unapproved legacy route"
"[object Object]","404","","404","Unapproved legacy route"
"[object Object]","404","","404","Unapproved legacy route"
"[object Object]","404","","404","Unapproved legacy route"
"[object Object]","404","","404","Unapproved legacy route"
"[object Object]","404","","404","Unapproved legacy route"
"[object Object]","404","","404","Unapproved legacy route"
"[object Object]","404","","404","Unapproved legacy route"
"[object Object]","404","","404","Unapproved legacy route"
"[object Object]","404","","404","Unapproved legacy route"
"[object Object]","404","","404","Unapproved legacy route"
"[object Object]","404","","404","Unapproved legacy route"
"[object Object]","404","","404","Unapproved legacy route"
"[object Object]","404","","404","Unapproved legacy route"
"[object Object]","404","","404","Unapproved legacy route"
"[object Object]","404","","404","Unapproved legacy route"
"[object Object]","404","","404","Unapproved legacy route"
"[object Object]","404","","404","Unapproved legacy route"
"[object Object]","404","","404","Unapproved legacy route"
"[object Object]","404","","404","Unapproved legacy route"
"[object Object]","404","","404","Unapproved legacy route"
"[object Object]","404","","404","Unapproved legacy route"
"[object Object]","404","","404","Unapproved legacy route"
"[object Object]","404","","404","Unapproved legacy route"
"[object Object]","404","","404","Unapproved legacy route"
"[object Object]","404","","404","Unapproved legacy route"
"[object Object]","404","","404","Unapproved legacy route"
"[object Object]","404","","404","Unapproved legacy route"
"[object Object]","404","","404","Unapproved legacy route"
"[object Object]","404","","404","Unapproved legacy route"
"[object Object]","404","","404","Unapproved legacy route"
"[object Object]","404","","404","Unapproved legacy route"
"[object Object]","404","","404","Unapproved legacy route"
"[object Object]","404","","404","Unapproved legacy route"
"[object Object]","404","","404","Unapproved legacy route"
"[object Object]","404","","404","Unapproved legacy route"
"[object Object]","404","","404","Unapproved legacy route"
"[object Object]","404","","404","Unapproved legacy route"
"[object Object]","404","","404","Unapproved legacy route"
"[object Object]","404","","404","Unapproved legacy route"
"[object Object]","404","","404","Unapproved legacy route"
"[object Object]","404","","404","Unapproved legacy route"
"[object Object]","404","","404","Unapproved legacy route"
"[object Object]","404","","404","Unapproved legacy route"
"[object Object]","404","","404","Unapproved legacy route"
"[object Object]","404","","404","Unapproved legacy route"
"[object Object]","404","","404","Unapproved legacy route"
"[object Object]","404","","404","Unapproved legacy route"
"[object Object]","404","","404","Unapproved legacy route"
"[object Object]","404","","404","Unapproved legacy route"
"[object Object]","404","","404","Unapproved legacy route"
"[object Object]","404","","404","Unapproved legacy route"
"[object Object]","404","","404","Unapproved legacy route"
"[object Object]","404","","404","Unapproved legacy route"
"[object Object]","404","","404","Unapproved legacy route"
"[object Object]","404","","404","Unapproved legacy route"
"[object Object]","404","","404","Unapproved legacy route"
"[object Object]","404","","404","Unapproved legacy route"
"[object Object]","404","","404","Unapproved legacy route"
"[object Object]","404","","404","Unapproved legacy route"
"[object Object]","404","","404","Unapproved legacy route"
"[object Object]","404","","404","Unapproved legacy route"
"[object Object]","404","","404","Unapproved legacy route"
"[object Object]","404","","404","Unapproved legacy route"
"[object Object]","404","","404","Unapproved legacy route"
"[object Object]","404","","404","Unapproved legacy route"
"[object Object]","404","","404","Unapproved legacy route"
"[object Object]","404","","404","Unapproved legacy route"
"[object Object]","404","","404","Unapproved legacy route"
"[object Object]","404","","404","Unapproved legacy route"
"[object Object]","404","","404","Unapproved legacy route"
"[object Object]","404","","404","Unapproved legacy route"
"[object Object]","404","","404","Unapproved legacy route"
"[object Object]","404","","404","Unapproved legacy route"
"[object Object]","404","","404","Unapproved legacy route"
"[object Object]","404","","404","Unapproved legacy route"
"[object Object]","404","","404","Unapproved legacy route"
"[object Object]","404","","404","Unapproved legacy route"
"[object Object]","404","","404","Unapproved legacy route"
"[object Object]","404","","404","Unapproved legacy route"
"[object Object]","404","","404","Unapproved legacy route"
"[object Object]","404","","404","Unapproved legacy route"
"[object Object]","404","","404","Unapproved legacy route"
"[object Object]","404","","404","Unapproved legacy route"
"[object Object]","404","","404","Unapproved legacy route"
"[object Object]","404","","404","Unapproved legacy route"
"[object Object]","404","","404","Unapproved legacy route"
"[object Object]","404","","404","Unapproved legacy route"
"[object Object]","404","","404","Unapproved legacy route"
"[object Object]","404","","404","Unapproved legacy route"
"[object Object]","404","","404","Unapproved legacy route"
"[object Object]","404","","404","Unapproved legacy route"
"[object Object]","404","","404","Unapproved legacy route"
"[object Object]","404","","404","Unapproved legacy route"
"[object Object]","404","","404","Unapproved legacy route"
"[object Object]","404","","404","Unapproved legacy route"
"[object Object]","404","","404","Unapproved legacy route"
"[object Object]","404","","404","Unapproved legacy route"
"[object Object]","404","","404","Unapproved legacy route"
"[object Object]","404","","404","Unapproved legacy route"
"[object Object]","404","","404","Unapproved legacy route"
"[object Object]","404","","404","Unapproved legacy route"
"[object Object]","404","","404","Unapproved legacy route"
"[object Object]","404","","404","Unapproved legacy route"
"[object Object]","404","","404","Unapproved legacy route"
"[object Object]","404","","404","Unapproved legacy route"
"[object Object]","404","","404","Unapproved legacy route"
"[object Object]","404","","404","Unapproved legacy route"
"[object Object]","404","","404","Unapproved legacy route"
"[object Object]","404","","404","Unapproved legacy route"
"[object Object]","404","","404","Unapproved legacy route"
"[object Object]","404","","404","Unapproved legacy route"
"[object Object]","404","","404","Unapproved legacy route"
"[object Object]","404","","404","Unapproved legacy route"
"[object Object]","404","","404","Unapproved legacy route"
"[object Object]","404","","404","Unapproved legacy route"
"[object Object]","404","","404","Unapproved legacy route"
"[object Object]","404","","404","Unapproved legacy route"
"[object Object]","404","","404","Unapproved legacy route"
"[object Object]","404","","404","Unapproved legacy route"
"[object Object]","404","","404","Unapproved legacy route"
"[object Object]","404","","404","Unapproved legacy route"
"[object Object]","404","","404","Unapproved legacy route"
"[object Object]","404","","404","Unapproved legacy route"
"[object Object]","404","","404","Unapproved legacy route"
"[object Object]","404","","404","Unapproved legacy route"
"[object Object]","404","","404","Unapproved legacy route"
"[object Object]","404","","404","Unapproved legacy route"
"[object Object]","404","","404","Unapproved legacy route"
"[object Object]","404","","404","Unapproved legacy route"
"[object Object]","404","","404","Unapproved legacy route"
"[object Object]","404","","404","Unapproved legacy route"
"[object Object]","404","","404","Unapproved legacy route"
"[object Object]","404","","404","Unapproved legacy route"
"[object Object]","404","","404","Unapproved legacy route"
"[object Object]","404","","404","Unapproved legacy route"
"[object Object]","404","","404","Unapproved legacy route"
"[object Object]","404","","404","Unapproved legacy route"
"[object Object]","404","","404","Unapproved legacy route"
"[object Object]","404","","404","Unapproved legacy route"
"[object Object]","404","","404","Unapproved legacy route"
"[object Object]","404","","404","Unapproved legacy route"
"[object Object]","404","","404","Unapproved legacy route"
"[object Object]","404","","404","Unapproved legacy route"
"[object Object]","404","","404","Unapproved legacy route"
"[object Object]","404","","404","Unapproved legacy route"
"[object Object]","404","","404","Unapproved legacy route"
"[object Object]","404","","404","Unapproved legacy route"
"[object Object]","404","","404","Unapproved legacy route"
"[object Object]","404","","404","Unapproved legacy route"
"[object Object]","404","","404","Unapproved legacy route"
"[object Object]","404","","404","Unapproved legacy route"
"[object Object]","404","","404","Unapproved legacy route"
"[object Object]","404","","404","Unapproved legacy route"
"[object Object]","404","","404","Unapproved legacy route"
"[object Object]","404","","404","Unapproved legacy route"
"[object Object]","404","","404","Unapproved legacy route"
"[object Object]","404","","404","Unapproved legacy route"
"[object Object]","404","","404","Unapproved legacy route"
"[object Object]","404","","404","Unapproved legacy route"
"[object Object]","404","","404","Unapproved legacy route"
"[object Object]","404","","404","Unapproved legacy route"
"[object Object]","404","","404","Unapproved legacy route"
"[object Object]","404","","404","Unapproved legacy route"
"[object Object]","404","","404","Unapproved legacy route"
"[object Object]","404","","404","Unapproved legacy route"
"[object Object]","404","","404","Unapproved legacy route"
"[object Object]","404","","404","Unapproved legacy route"
"[object Object]","404","","404","Unapproved legacy route"
"[object Object]","404","","404","Unapproved legacy route"
"[object Object]","404","","404","Unapproved legacy route"
"[object Object]","404","","404","Unapproved legacy route"
"[object Object]","404","","404","Unapproved legacy route"
"[object Object]","404","","404","Unapproved legacy route"
"[object Object]","404","","404","Unapproved legacy route"
"[object Object]","404","","404","Unapproved legacy route"
"[object Object]","404","","404","Unapproved legacy route"
"[object Object]","404","","404","Unapproved legacy route"
"[object Object]","404","","404","Unapproved legacy route"
"[object Object]","404","","404","Unapproved legacy route"
"[object Object]","404","","404","Unapproved legacy route"
"[object Object]","404","","404","Unapproved legacy route"
"[object Object]","404","","404","Unapproved legacy route"
"[object Object]","404","","404","Unapproved legacy route"
"[object Object]","404","","404","Unapproved legacy route"
"[object Object]","404","","404","Unapproved legacy route"
"[object Object]","404","","404","Unapproved legacy route"
"[object Object]","404","","404","Unapproved legacy route"
"[object Object]","404","","404","Unapproved legacy route"
"[object Object]","404","","404","Unapproved legacy route"
"[object Object]","404","","404","Unapproved legacy route"
"[object Object]","404","","404","Unapproved legacy route"
"[object Object]","404","","404","Unapproved legacy route"
"[object Object]","404","","404","Unapproved legacy route"
"[object Object]","404","","404","Unapproved legacy route"
"[object Object]","404","","404","Unapproved legacy route"
"[object Object]","404","","404","Unapproved legacy route"
"[object Object]","404","","404","Unapproved legacy route"
"[object Object]","404","","404","Unapproved legacy route"
"[object Object]","404","","404","Unapproved legacy route"
"[object Object]","404","","404","Unapproved legacy route"
"[object Object]","404","","404","Unapproved legacy route"
"[object Object]","404","","404","Unapproved legacy route"
"[object Object]","404","","404","Unapproved legacy route"
"[object Object]","404","","404","Unapproved legacy route"
"[object Object]","404","","404","Unapproved legacy route"
"[object Object]","404","","404","Unapproved legacy route"
"[object Object]","404","","404","Unapproved legacy route"
"[object Object]","404","","404","Unapproved legacy route"
"[object Object]","404","","404","Unapproved legacy route"
"[object Object]","404","","404","Unapproved legacy route"
"[object Object]","404","","404","Unapproved legacy route"
"[object Object]","404","","404","Unapproved legacy route"
"[object Object]","404","","404","Unapproved legacy route"
"[object Object]","404","","404","Unapproved legacy route"
"[object Object]","404","","404","Unapproved legacy route"
"[object Object]","404","","404","Unapproved legacy route"
"[object Object]","404","","404","Unapproved legacy route"
"[object Object]","404","","404","Unapproved legacy route"
"[object Object]","404","","404","Unapproved legacy route"
"[object Object]","404","","404","Unapproved legacy route"
"[object Object]","404","","404","Unapproved legacy route"
"[object Object]","404","","404","Unapproved legacy route"
"[object Object]","404","","404","Unapproved legacy route"
"[object Object]","404","","404","Unapproved legacy route"
"[object Object]","404","","404","Unapproved legacy route"
"[object Object]","404","","404","Unapproved legacy route"
"[object Object]","404","","404","Unapproved legacy route"
"[object Object]","404","","404","Unapproved legacy route"
"[object Object]","404","","404","Unapproved legacy route"
"[object Object]","404","","404","Unapproved legacy route"
"[object Object]","404","","404","Unapproved legacy route"
"[object Object]","404","","404","Unapproved legacy route"
"[object Object]","404","","404","Unapproved legacy route"
"[object Object]","404","","404","Unapproved legacy route"
"[object Object]","404","","404","Unapproved legacy route"
"[object Object]","404","","404","Unapproved legacy route"
"[object Object]","404","","404","Unapproved legacy route"
"[object Object]","404","","404","Unapproved legacy route"
"[object Object]","404","","404","Unapproved legacy route"
"[object Object]","404","","404","Unapproved legacy route"
"[object Object]","404","","404","Unapproved legacy route"
"[object Object]","404","","404","Unapproved legacy route"
"[object Object]","404","","404","Unapproved legacy route"
"[object Object]","404","","404","Unapproved legacy route"
"[object Object]","404","","404","Unapproved legacy route"
"[object Object]","404","","404","Unapproved legacy route"
"[object Object]","404","","404","Unapproved legacy route"
"[object Object]","404","","404","Unapproved legacy route"
"[object Object]","404","","404","Unapproved legacy route"
"[object Object]","404","","404","Unapproved legacy route"
"[object Object]","404","","404","Unapproved legacy route"
"[object Object]","404","","404","Unapproved legacy route"
"[object Object]","404","","404","Unapproved legacy route"
"[object Object]","404","","404","Unapproved legacy route"
"[object Object]","404","","404","Unapproved legacy route"
"[object Object]","404","","404","Unapproved legacy route"
"[object Object]","404","","404","Unapproved legacy route"
"[object Object]","404","","404","Unapproved legacy route"
"[object Object]","404","","404","Unapproved legacy route"
"[object Object]","404","","404","Unapproved legacy route"
"[object Object]","404","","404","Unapproved legacy route"
"[object Object]","404","","404","Unapproved legacy route"
"[object Object]","404","","404","Unapproved legacy route"
"[object Object]","404","","404","Unapproved legacy route"
"[object Object]","404","","404","Unapproved legacy route"
"[object Object]","404","","404","Unapproved legacy route"
"[object Object]","404","","404","Unapproved legacy route"
"[object Object]","404","","404","Unapproved legacy route"
"[object Object]","404","","404","Unapproved legacy route"
"[object Object]","404","","404","Unapproved legacy route"
"[object Object]","404","","404","Unapproved legacy route"
"[object Object]","404","","404","Unapproved legacy route"
"[object Object]","404","","404","Unapproved legacy route"
"[object Object]","404","","404","Unapproved legacy route"
"[object Object]","404","","404","Unapproved legacy route"
"[object Object]","404","","404","Unapproved legacy route"
"[object Object]","404","","404","Unapproved legacy route"
"[object Object]","404","","404","Unapproved legacy route"
"[object Object]","404","","404","Unapproved legacy route"
"[object Object]","404","","404","Unapproved legacy route"
"[object Object]","404","","404","Unapproved legacy route"
"[object Object]","404","","404","Unapproved legacy route"
"[object Object]","404","","404","Unapproved legacy route"
"[object Object]","404","","404","Unapproved legacy route"
"[object Object]","404","","404","Unapproved legacy route"
"[object Object]","404","","404","Unapproved legacy route"
"[object Object]","404","","404","Unapproved legacy route"
"[object Object]","404","","404","Unapproved legacy route"
"[object Object]","404","","404","Unapproved legacy route"
"[object Object]","404","","404","Unapproved legacy route"
"[object Object]","404","","404","Unapproved legacy route"
"[object Object]","404","","404","Unapproved legacy route"
"[object Object]","404","","404","Unapproved legacy route"
"[object Object]","404","","404","Unapproved legacy route"
"[object Object]","404","","404","Unapproved legacy route"
"[object Object]","404","","404","Unapproved legacy route"
"[object Object]","404","","404","Unapproved legacy route"
"[object Object]","404","","404","Unapproved legacy route"
"[object Object]","404","","404","Unapproved legacy route"
"[object Object]","404","","404","Unapproved legacy route"
"[object Object]","404","","404","Unapproved legacy route"
"[object Object]","404","","404","Unapproved legacy route"
"[object Object]","404","","404","Unapproved legacy route"
"[object Object]","404","","404","Unapproved legacy route"
"[object Object]","404","","404","Unapproved legacy route"
"[object Object]","404","","404","Unapproved legacy route"
"[object Object]","404","","404","Unapproved legacy route"
"[object Object]","404","","404","Unapproved legacy route"
"[object Object]","404","","404","Unapproved legacy route"
"[object Object]","404","","404","Unapproved legacy route"
"[object Object]","404","","404","Unapproved legacy route"
"[object Object]","404","","404","Unapproved legacy route"
"[object Object]","404","","404","Unapproved legacy route"
"[object Object]","404","","404","Unapproved legacy route"
"[object Object]","404","","404","Unapproved legacy route"
"[object Object]","404","","404","Unapproved legacy route"
"[object Object]","404","","404","Unapproved legacy route"
"[object Object]","404","","404","Unapproved legacy route"
"[object Object]","404","","404","Unapproved legacy route"
"[object Object]","404","","404","Unapproved legacy route"
"[object Object]","404","","404","Unapproved legacy route"
"[object Object]","404","","404","Unapproved legacy route"
"[object Object]","404","","404","Unapproved legacy route"
"[object Object]","404","","404","Unapproved legacy route"
"[object Object]","404","","404","Unapproved legacy route"
"[object Object]","404","","404","Unapproved legacy route"
"[object Object]","404","","404","Unapproved legacy route"
"[object Object]","404","","404","Unapproved legacy route"
"[object Object]","404","","404","Unapproved legacy route"
"[object Object]","404","","404","Unapproved legacy route"
"[object Object]","404","","404","Unapproved legacy route"
"[object Object]","404","","404","Unapproved legacy route"
"[object Object]","404","","404","Unapproved legacy route"
"[object Object]","404","","404","Unapproved legacy route"
"[object Object]","404","","404","Unapproved legacy route"
"[object Object]","404","","404","Unapproved legacy route"
"[object Object]","404","","404","Unapproved legacy route"
"[object Object]","404","","404","Unapproved legacy route"
"[object Object]","404","","404","Unapproved legacy route"
"[object Object]","404","","404","Unapproved legacy route"
"[object Object]","404","","404","Unapproved legacy route"
"[object Object]","404","","404","Unapproved legacy route"
"[object Object]","404","","404","Unapproved legacy route"
"[object Object]","404","","404","Unapproved legacy route"
"[object Object]","404","","404","Unapproved legacy route"
"[object Object]","404","","404","Unapproved legacy route"
"[object Object]","404","","404","Unapproved legacy route"
"[object Object]","404","","404","Unapproved legacy route"
"[object Object]","404","","404","Unapproved legacy route"
"[object Object]","404","","404","Unapproved legacy route"
"[object Object]","404","","404","Unapproved legacy route"
"[object Object]","404","","404","Unapproved legacy route"
"[object Object]","404","","404","Unapproved legacy route"
"[object Object]","404","","404","Unapproved legacy route"
"[object Object]","404","","404","Unapproved legacy route"
"[object Object]","404","","404","Unapproved legacy route"
"[object Object]","404","","404","Unapproved legacy route"
"[object Object]","404","","404","Unapproved legacy route"
"[object Object]","404","","404","Unapproved legacy route"
"[object Object]","404","","404","Unapproved legacy route"
"[object Object]","404","","404","Unapproved legacy route"
"[object Object]","404","","404","Unapproved legacy route"
"[object Object]","404","","404","Unapproved legacy route"
"[object Object]","404","","404","Unapproved legacy route"
"[object Object]","404","","404","Unapproved legacy route"
"[object Object]","404","","404","Unapproved legacy route"
"[object Object]","404","","404","Unapproved legacy route"
"[object Object]","404","","404","Unapproved legacy route"
"[object Object]","404","","404","Unapproved legacy route"
"[object Object]","404","","404","Unapproved legacy route"
"[object Object]","404","","404","Unapproved legacy route"
"[object Object]","404","","404","Unapproved legacy route"
"[object Object]","404","","404","Unapproved legacy route"
"[object Object]","404","","404","Unapproved legacy route"
"[object Object]","404","","404","Unapproved legacy route"
"[object Object]","404","","404","Unapproved legacy route"
"[object Object]","404","","404","Unapproved legacy route"
"[object Object]","404","","404","Unapproved legacy route"
"[object Object]","404","","404","Unapproved legacy route"