source,target,relationship
/รับซื้อกล้อง-sony/,/รับซื้อกล้อง/,parent-owner
/รับซื้อกล้อง-sony/,/รับซื้อกล้อง/,curated-related
/รับซื้อกล้อง-sony/,/รับซื้อกล้อง-sony-a7/,curated-related
/รับซื้อกล้อง-sony/,/รับซื้อกล้อง-fujifilm-ฟูจิฟิล์ม/,curated-related
/รับซื้อกล้อง-sony/,/สภาพสินค้า/จอแตก/,curated-related
/รับซื้อกล้อง-sony/,/เช็กราคาก่อนขาย/,curated-related
/รับซื้อกล้อง-canon/,/รับซื้อกล้อง/,parent-owner
/รับซื้อกล้อง-canon/,/รับซื้อกล้อง/,curated-related
/รับซื้อกล้อง-canon/,/รับซื้อกล้อง-nikon/,curated-related
/รับซื้อกล้อง-canon/,/รับซื้อกล้อง-sony/,curated-related
/รับซื้อกล้อง-canon/,/สภาพสินค้า/เปิดไม่ติด/,curated-related
/รับซื้อกล้อง-canon/,/เช็กราคาก่อนขาย/,curated-related
/รับซื้อกล้อง-nikon/,/รับซื้อกล้อง/,parent-owner
/รับซื้อกล้อง-nikon/,/รับซื้อกล้อง/,curated-related
/รับซื้อกล้อง-nikon/,/รับซื้อกล้อง-canon/,curated-related
/รับซื้อกล้อง-nikon/,/รับซื้อกล้อง-sony/,curated-related
/รับซื้อกล้อง-nikon/,/สภาพสินค้า/ไม่มีอุปกรณ์/,curated-related
/รับซื้อกล้อง-nikon/,/เช็กราคาก่อนขาย/,curated-related
/รับซื้อกล้อง-sony-a7/,/รับซื้อกล้อง-sony/,parent-owner
/รับซื้อกล้อง-sony-a7/,/รับซื้อกล้อง-sony/,curated-related
/รับซื้อกล้อง-sony-a7/,/รับซื้อกล้อง/,curated-related
/รับซื้อกล้อง-sony-a7/,/สภาพสินค้า/จอแตก/,curated-related
/รับซื้อกล้อง-sony-a7/,/สภาพสินค้า/เปิดไม่ติด/,curated-related
/รับซื้อกล้อง-sony-a7/,/เช็กราคาก่อนขาย/,curated-related
/รับซื้อโน๊ตบุ๊ค-asus/,/รับซื้อโน๊ตบุ๊ค/,parent-owner
/รับซื้อโน๊ตบุ๊ค-asus/,/รับซื้อโน๊ตบุ๊ค/,curated-related
/รับซื้อโน๊ตบุ๊ค-asus/,/รับซื้อโน๊ตบุ๊ค-lenovo/,curated-related
/รับซื้อโน๊ตบุ๊ค-asus/,/สภาพสินค้า/แบตเสื่อม/,curated-related
/รับซื้อโน๊ตบุ๊ค-asus/,/สภาพสินค้า/จอแตก/,curated-related
/รับซื้อโน๊ตบุ๊ค-asus/,/เช็กราคาก่อนขาย/,curated-related
/รับซื้อโน๊ตบุ๊ค-lenovo/,/รับซื้อโน๊ตบุ๊ค/,parent-owner
/รับซื้อโน๊ตบุ๊ค-lenovo/,/รับซื้อโน๊ตบุ๊ค/,curated-related
/รับซื้อโน๊ตบุ๊ค-lenovo/,/รับซื้อโน๊ตบุ๊ค-dell/,curated-related
/รับซื้อโน๊ตบุ๊ค-lenovo/,/สภาพสินค้า/แบตเสื่อม/,curated-related
/รับซื้อโน๊ตบุ๊ค-lenovo/,/สภาพสินค้า/ไม่มีอุปกรณ์/,curated-related
/รับซื้อโน๊ตบุ๊ค-lenovo/,/เช็กราคาก่อนขาย/,curated-related
/รับซื้อโน๊ตบุ๊ค-acer/,/รับซื้อโน๊ตบุ๊ค/,parent-owner
/รับซื้อโน๊ตบุ๊ค-acer/,/รับซื้อโน๊ตบุ๊ค/,curated-related
/รับซื้อโน๊ตบุ๊ค-acer/,/รับซื้อโน๊ตบุ๊ค-asus/,curated-related
/รับซื้อโน๊ตบุ๊ค-acer/,/สภาพสินค้า/จอแตก/,curated-related
/รับซื้อโน๊ตบุ๊ค-acer/,/สภาพสินค้า/เปิดไม่ติด/,curated-related
/รับซื้อโน๊ตบุ๊ค-acer/,/เช็กราคาก่อนขาย/,curated-related
/รับซื้อโน๊ตบุ๊ค-dell/,/รับซื้อโน๊ตบุ๊ค/,parent-owner
/รับซื้อโน๊ตบุ๊ค-dell/,/รับซื้อโน๊ตบุ๊ค/,curated-related
/รับซื้อโน๊ตบุ๊ค-dell/,/รับซื้อโน๊ตบุ๊ค-lenovo/,curated-related
/รับซื้อโน๊ตบุ๊ค-dell/,/สภาพสินค้า/ไม่มีอุปกรณ์/,curated-related
/รับซื้อโน๊ตบุ๊ค-dell/,/สภาพสินค้า/ควรซ่อมก่อนขายไหม/,curated-related
/รับซื้อโน๊ตบุ๊ค-dell/,/เช็กราคาก่อนขาย/,curated-related
/รับซื้อ-macbook-air/,/รับซื้อแมคบุ๊ค/,parent-owner
/รับซื้อ-macbook-air/,/รับซื้อแมคบุ๊ค/,curated-related
/รับซื้อ-macbook-air/,/รับซื้อ-macbook-pro/,curated-related
/รับซื้อ-macbook-air/,/สภาพสินค้า/แบตเสื่อม/,curated-related
/รับซื้อ-macbook-air/,/สภาพสินค้า/จอแตก/,curated-related
/รับซื้อ-macbook-air/,/เช็กราคาก่อนขาย/,curated-related
/รับซื้อ-macbook-pro/,/รับซื้อแมคบุ๊ค/,parent-owner
/รับซื้อ-macbook-pro/,/รับซื้อแมคบุ๊ค/,curated-related
/รับซื้อ-macbook-pro/,/รับซื้อ-macbook-air/,curated-related
/รับซื้อ-macbook-pro/,/สภาพสินค้า/จอแตก/,curated-related
/รับซื้อ-macbook-pro/,/สภาพสินค้า/เปิดไม่ติด/,curated-related
/รับซื้อ-macbook-pro/,/เช็กราคาก่อนขาย/,curated-related
/รับซื้อ-iphone-13/,/รับซื้อไอโฟน/,parent-owner
/รับซื้อ-iphone-13/,/รับซื้อไอโฟน/,curated-related
/รับซื้อ-iphone-13/,/รับซื้อ-iphone-14/,curated-related
/รับซื้อ-iphone-13/,/สภาพสินค้า/แบตเสื่อม/,curated-related
/รับซื้อ-iphone-13/,/สภาพสินค้า/จอแตก/,curated-related
/รับซื้อ-iphone-13/,/เช็กราคาก่อนขาย/,curated-related
/รับซื้อ-iphone-14/,/รับซื้อไอโฟน/,parent-owner
/รับซื้อ-iphone-14/,/รับซื้อไอโฟน/,curated-related
/รับซื้อ-iphone-14/,/รับซื้อ-iphone-13/,curated-related
/รับซื้อ-iphone-14/,/รับซื้อ-iphone-15/,curated-related
/รับซื้อ-iphone-14/,/สภาพสินค้า/ไม่มีอุปกรณ์/,curated-related
/รับซื้อ-iphone-14/,/เช็กราคาก่อนขาย/,curated-related
/รับซื้อ-iphone-15/,/รับซื้อไอโฟน/,parent-owner
/รับซื้อ-iphone-15/,/รับซื้อไอโฟน/,curated-related
/รับซื้อ-iphone-15/,/รับซื้อ-iphone-14/,curated-related
/รับซื้อ-iphone-15/,/สภาพสินค้า/แบตเสื่อม/,curated-related
/รับซื้อ-iphone-15/,/สภาพสินค้า/จอแตก/,curated-related
/รับซื้อ-iphone-15/,/เช็กราคาก่อนขาย/,curated-related
/รับซื้อ-ipad-pro/,/รับซื้อไอแพด/,parent-owner
/รับซื้อ-ipad-pro/,/รับซื้อไอแพด/,curated-related
/รับซื้อ-ipad-pro/,/รับซื้อ-ipad-air/,curated-related
/รับซื้อ-ipad-pro/,/สภาพสินค้า/จอแตก/,curated-related
/รับซื้อ-ipad-pro/,/สภาพสินค้า/ไม่มีอุปกรณ์/,curated-related
/รับซื้อ-ipad-pro/,/เช็กราคาก่อนขาย/,curated-related
/รับซื้อ-ipad-air/,/รับซื้อไอแพด/,parent-owner
/รับซื้อ-ipad-air/,/รับซื้อไอแพด/,curated-related
/รับซื้อ-ipad-air/,/รับซื้อ-ipad-pro/,curated-related
/รับซื้อ-ipad-air/,/สภาพสินค้า/แบตเสื่อม/,curated-related
/รับซื้อ-ipad-air/,/สภาพสินค้า/ไม่มีอุปกรณ์/,curated-related
/รับซื้อ-ipad-air/,/เช็กราคาก่อนขาย/,curated-related
/รับซื้อ-samsung-galaxy/,/รับซื้อสมาร์ทโฟน-android/,parent-owner
/รับซื้อ-samsung-galaxy/,/รับซื้อสมาร์ทโฟน-android/,curated-related
/รับซื้อ-samsung-galaxy/,/รับซื้อไอโฟน/,curated-related
/รับซื้อ-samsung-galaxy/,/สภาพสินค้า/จอแตก/,curated-related
/รับซื้อ-samsung-galaxy/,/สภาพสินค้า/แบตเสื่อม/,curated-related
/รับซื้อ-samsung-galaxy/,/เช็กราคาก่อนขาย/,curated-related
/สภาพสินค้า/จอแตก/,/เช็กราคาก่อนขาย/,parent-owner
/สภาพสินค้า/จอแตก/,/รับซื้อโน๊ตบุ๊ค/,curated-related
/สภาพสินค้า/จอแตก/,/รับซื้อแมคบุ๊ค/,curated-related
/สภาพสินค้า/จอแตก/,/รับซื้อไอโฟน/,curated-related
/สภาพสินค้า/จอแตก/,/รับซื้อไอแพด/,curated-related
/สภาพสินค้า/จอแตก/,/รับซื้อกล้อง/,curated-related
/สภาพสินค้า/จอแตก/,/สภาพสินค้า/ควรซ่อมก่อนขายไหม/,curated-related
/สภาพสินค้า/เปิดไม่ติด/,/เช็กราคาก่อนขาย/,parent-owner
/สภาพสินค้า/เปิดไม่ติด/,/รับซื้อโน๊ตบุ๊ค/,curated-related
/สภาพสินค้า/เปิดไม่ติด/,/รับซื้อคอม/,curated-related
/สภาพสินค้า/เปิดไม่ติด/,/รับซื้อแมคบุ๊ค/,curated-related
/สภาพสินค้า/เปิดไม่ติด/,/รับซื้อไอโฟน/,curated-related
/สภาพสินค้า/เปิดไม่ติด/,/รับซื้อกล้อง/,curated-related
/สภาพสินค้า/เปิดไม่ติด/,/สภาพสินค้า/ควรซ่อมก่อนขายไหม/,curated-related
/สภาพสินค้า/แบตเสื่อม/,/เช็กราคาก่อนขาย/,parent-owner
/สภาพสินค้า/แบตเสื่อม/,/รับซื้อโน๊ตบุ๊ค/,curated-related
/สภาพสินค้า/แบตเสื่อม/,/รับซื้อแมคบุ๊ค/,curated-related
/สภาพสินค้า/แบตเสื่อม/,/รับซื้อไอโฟน/,curated-related
/สภาพสินค้า/แบตเสื่อม/,/รับซื้อไอแพด/,curated-related
/สภาพสินค้า/แบตเสื่อม/,/รับซื้อ-samsung-galaxy/,curated-related
/สภาพสินค้า/แบตเสื่อม/,/สภาพสินค้า/ควรซ่อมก่อนขายไหม/,curated-related
/สภาพสินค้า/ไม่มีอุปกรณ์/,/เช็กราคาก่อนขาย/,parent-owner
/สภาพสินค้า/ไม่มีอุปกรณ์/,/รับซื้อโน๊ตบุ๊ค/,curated-related
/สภาพสินค้า/ไม่มีอุปกรณ์/,/รับซื้อแมคบุ๊ค/,curated-related
/สภาพสินค้า/ไม่มีอุปกรณ์/,/รับซื้อไอโฟน/,curated-related
/สภาพสินค้า/ไม่มีอุปกรณ์/,/รับซื้อไอแพด/,curated-related
/สภาพสินค้า/ไม่มีอุปกรณ์/,/รับซื้อกล้อง/,curated-related
/สภาพสินค้า/ไม่มีอุปกรณ์/,/สภาพสินค้า/ควรซ่อมก่อนขายไหม/,curated-related
/สภาพสินค้า/ควรซ่อมก่อนขายไหม/,/เช็กราคาก่อนขาย/,parent-owner
/สภาพสินค้า/ควรซ่อมก่อนขายไหม/,/เช็กราคาก่อนขาย/,curated-related
/สภาพสินค้า/ควรซ่อมก่อนขายไหม/,/สภาพสินค้า/จอแตก/,curated-related
/สภาพสินค้า/ควรซ่อมก่อนขายไหม/,/สภาพสินค้า/เปิดไม่ติด/,curated-related
/สภาพสินค้า/ควรซ่อมก่อนขายไหม/,/สภาพสินค้า/แบตเสื่อม/,curated-related
/สภาพสินค้า/ควรซ่อมก่อนขายไหม/,/สภาพสินค้า/ไม่มีอุปกรณ์/,curated-related
/สภาพสินค้า/ควรซ่อมก่อนขายไหม/,/รับซื้อ/,curated-related
/รับซื้อโน๊ตบุ๊ค/,/รับซื้อโน๊ตบุ๊ค-asus/,owner-to-support
/รับซื้อโน๊ตบุ๊ค/,/รับซื้อโน๊ตบุ๊ค-lenovo/,owner-to-support
/รับซื้อโน๊ตบุ๊ค/,/รับซื้อโน๊ตบุ๊ค-acer/,owner-to-support
/รับซื้อโน๊ตบุ๊ค/,/รับซื้อโน๊ตบุ๊ค-dell/,owner-to-support
/รับซื้อโน๊ตบุ๊ค/,/สภาพสินค้า/แบตเสื่อม/,owner-to-support
/รับซื้อโน๊ตบุ๊ค/,/สภาพสินค้า/จอแตก/,owner-to-support
/รับซื้อกล้อง/,/รับซื้อกล้อง-sony/,owner-to-support
/รับซื้อกล้อง/,/รับซื้อกล้อง-canon/,owner-to-support
/รับซื้อกล้อง/,/รับซื้อกล้อง-nikon/,owner-to-support
/รับซื้อกล้อง/,/รับซื้อกล้อง-fujifilm-ฟูจิฟิล์ม/,owner-to-support
/รับซื้อกล้อง/,/สภาพสินค้า/จอแตก/,owner-to-support
/รับซื้อกล้อง/,/สภาพสินค้า/เปิดไม่ติด/,owner-to-support
/รับซื้อแมคบุ๊ค/,/รับซื้อ-macbook-air/,owner-to-support
/รับซื้อแมคบุ๊ค/,/รับซื้อ-macbook-pro/,owner-to-support
/รับซื้อแมคบุ๊ค/,/สภาพสินค้า/แบตเสื่อม/,owner-to-support
/รับซื้อแมคบุ๊ค/,/สภาพสินค้า/จอแตก/,owner-to-support
/รับซื้อแมคบุ๊ค/,/สภาพสินค้า/เปิดไม่ติด/,owner-to-support
/รับซื้อแมคบุ๊ค/,/สภาพสินค้า/ไม่มีอุปกรณ์/,owner-to-support
/รับซื้อไอโฟน/,/รับซื้อ-iphone-13/,owner-to-support
/รับซื้อไอโฟน/,/รับซื้อ-iphone-14/,owner-to-support
/รับซื้อไอโฟน/,/รับซื้อ-iphone-15/,owner-to-support
/รับซื้อไอโฟน/,/สภาพสินค้า/แบตเสื่อม/,owner-to-support
/รับซื้อไอโฟน/,/สภาพสินค้า/จอแตก/,owner-to-support
/รับซื้อไอโฟน/,/สภาพสินค้า/ไม่มีอุปกรณ์/,owner-to-support
/รับซื้อไอแพด/,/รับซื้อ-ipad-pro/,owner-to-support
/รับซื้อไอแพด/,/รับซื้อ-ipad-air/,owner-to-support
/รับซื้อไอแพด/,/สภาพสินค้า/แบตเสื่อม/,owner-to-support
/รับซื้อไอแพด/,/สภาพสินค้า/จอแตก/,owner-to-support
/รับซื้อไอแพด/,/สภาพสินค้า/ไม่มีอุปกรณ์/,owner-to-support
/รับซื้อสมาร์ทโฟน-android/,/รับซื้อ-samsung-galaxy/,owner-to-support
/รับซื้อสมาร์ทโฟน-android/,/สภาพสินค้า/แบตเสื่อม/,owner-to-support
/รับซื้อสมาร์ทโฟน-android/,/สภาพสินค้า/จอแตก/,owner-to-support
/รับซื้อสมาร์ทโฟน-android/,/สภาพสินค้า/ไม่มีอุปกรณ์/,owner-to-support
/เช็กราคาก่อนขาย/,/สภาพสินค้า/จอแตก/,owner-to-support
/เช็กราคาก่อนขาย/,/สภาพสินค้า/เปิดไม่ติด/,owner-to-support
/เช็กราคาก่อนขาย/,/สภาพสินค้า/แบตเสื่อม/,owner-to-support
/เช็กราคาก่อนขาย/,/สภาพสินค้า/ไม่มีอุปกรณ์/,owner-to-support
/เช็กราคาก่อนขาย/,/สภาพสินค้า/ควรซ่อมก่อนขายไหม/,owner-to-support
