path,state
/,INDEX
/10-อันดับ-กล้อง-fujifilm-ในตลาดมือ/,DRAFT
/100-อันดับ-กล้อง-fujifilm-ในตลาดมือ/,DRAFT
/1090/,DRAFT
/1199/,DRAFT
/1209/,DRAFT
/1216/,DRAFT
/1230/,DRAFT
/1340/,DRAFT
/1352/,DRAFT
/1362/,DRAFT
/1477/,DRAFT
/1480/,DRAFT
/1482/,DRAFT
/1494/,DRAFT
/1498/,DRAFT
/1500/,DRAFT
/1502/,DRAFT
/1504/,DRAFT
/1508/,DRAFT
/1511/,DRAFT
/1515/,DRAFT
/1517/,DRAFT
/buy-camera-mahasarakam/,HOLD_NOINDEX
/buy-camera-nongkai/,HOLD_NOINDEX
/buy-camera-surin/,REDIRECT
/buy-camera-ubon/,HOLD_NOINDEX
/contact/,INDEX
/cookie-policy/,HOLD_NOINDEX
/legacy-รับซื้อกล้อง-ยโสธร-815/,REDIRECT
/legacy-รับซื้อไอโฟน-มหาสารคาม-851/,REDIRECT
/privacy-policy/,HOLD_NOINDEX
/rab-sue-com/,REDIRECT
/rab-sue-ipad/,REDIRECT
/rab-sue-iphone/,REDIRECT
/rab-sue-klong/,REDIRECT
/rab-sue-lamphong/,REDIRECT
/rab-sue-macbook/,REDIRECT
/rab-sue-notebook/,REDIRECT
/rab-sue/,REDIRECT
/terms/,HOLD_NOINDEX
/ก่อนขาย/,DRAFT
/ขายโน๊ตบุ๊ค-ขอนแก่น/,HOLD_NOINDEX
/ขายโน๊ตบุ๊คอุบล-รับซื้/,GONE
/ความน่าเชื่อถือ/,HOLD_NOINDEX
/คู่มือ/,DRAFT
/จำนำ-notebook-โน๊ตบุ๊ค-อุบลราชธ/,GONE
/จำนำ-ไอโฟน-มือสอง-อุบลรา/,GONE
/จำนำมือถืออุบล/,GONE
/จำนำอุบล-ใกล้ฉัน/,GONE
/จำนำไอโฟน-iphone-อุบล/,GONE
/จํา-นํา-โทรศัพท์-อุบล/,GONE
/ติดต่อเรา/,REDIRECT
/ผลงานรับซื้อ/,DRAFT
/รับจำนำ-ipad-air-6-อุบลราชธานี/,GONE
/รับจำนำ-iphone-จังหวัดยโสธร/,GONE
/รับจำนำ-อุบล/,GONE
/รับจำนำกล้อง-อุบล/,GONE
/รับจำนำกล้องเลนส์-จังหว/,GONE
/รับจำนำของ-อุบลราชธานี-บ/,GONE
/รับจำนำคอม-จังหวัดอุบลร/,GONE
/รับจำนำคอม-อุบล/,GONE
/รับจำนำคอมพิวเตอร์จังห/,GONE
/รับจำนำมือถือ-จังหวัดยโ/,GONE
/รับจำนำมือถืออุบล-2/,GONE
/รับจำนำมือถืออุบล/,GONE
/รับจำนำลำโพง-jbl-marshall-ยโสธร/,GONE
/รับจำนำลำโพง-marshall/,GONE
/รับจำนำศรีสะเกษ/,GONE
/รับจำนำอำนาจเจริญ/,GONE
/รับจำนำอุบล-2/,GONE
/รับจำนำอุบล/,GONE
/รับจำนำแมคบุ๊ค-จังหวัดย/,GONE
/รับจำนำโน๊ตบุ๊ค-ยโสธร/,GONE
/รับจำนำโน๊ตบุ๊คศรีสะเก/,GONE
/รับจำนำโน๊ตบุ๊คอำนาจเจ/,GONE
/รับจำนำโน๊ตบุ๊คอุบล/,GONE
/รับจำนำไอแพด-จังหวัดยโส/,GONE
/รับจำนำไอโฟน-11-รับจำนำ-iphone-11/,GONE
/รับจำนำไอโฟน-12-รับจำนำ-iphone-12/,GONE
/รับจำนำไอโฟน-13-รับจำนำ-iphone-13/,GONE
/รับจำนำไอโฟน-14-รับจำนำ-iphone-14/,GONE
/รับจำนำไอโฟน-จังหวัดยโส/,GONE
/รับจำนำไอโฟน-อุบล/,GONE
/รับซื้อ-apple-watch-ใกล้ฉัน/,REDIRECT
/รับซื้อ-apple-watch/,INDEX
/รับซื้อ-ipad-air/,INDEX
/รับซื้อ-ipad-pro/,INDEX
/รับซื้อ-iphone-13/,INDEX
/รับซื้อ-iphone-14/,INDEX
/รับซื้อ-iphone-15/,INDEX
/รับซื้อ-macbook-air/,INDEX
/รับซื้อ-macbook-pro/,INDEX
/รับซื้อ-macbook-จังหวัดกาฬสินธ/,REDIRECT
/รับซื้อ-macbook-จังหวัดนครพนม/,REDIRECT
/รับซื้อ-macbook-จังหวัดนครราชส/,REDIRECT
/รับซื้อ-macbook-จังหวัดบุรีรัม/,REDIRECT
/รับซื้อ-macbook-จังหวัดมุกดาหา/,REDIRECT
/รับซื้อ-macbook-จังหวัดร้อยเอ็/,REDIRECT
/รับซื้อ-macbook-จังหวัดสุรินทร/,REDIRECT
/รับซื้อ-macbook-แม็คบุ๊ค-ใกล้ฉั/,REDIRECT
/รับซื้อ-macbook-แม็คบุ๊ค/,REDIRECT
/รับซื้อ-macbook/,REDIRECT
/รับซื้อ-notebook-ชุมแพ-ขอนแก่น/,INDEX
/รับซื้อ-notebook-อำเภอพล-ขอนแก่น/,INDEX
/รับซื้อ-notebook-ใกล้ฉัน/,REDIRECT
/รับซื้อ-ps4-อุบล-play-station-4/,GONE
/รับซื้อ-samsung-galaxy/,INDEX
/รับซื้อ-server/,INDEX
/รับซื้อ-ups/,HOLD_NOINDEX
/รับซื้อ-โน๊ตบุ๊คnotebookจังหวั/,GONE
/รับซื้อ-ใกล้ฉัน/,REDIRECT
/รับซื้อ/,INDEX
/รับซื้อmacbook-อุดรธานี/,INDEX
/รับซื้อกระดาษ-a4/,GONE
/รับซื้อกล้อง-canon-2/,REDIRECT
/รับซื้อกล้อง-canon/,INDEX
/รับซื้อกล้อง-fujifilm-ฟูจิฟิล์ม/,INDEX
/รับซื้อกล้อง-nikon-รับซื้อกล/,REDIRECT
/รับซื้อกล้อง-nikon/,INDEX
/รับซื้อกล้อง-sony-a6400/,REDIRECT
/รับซื้อกล้อง-sony-a7/,INDEX
/รับซื้อกล้อง-sony-rx100/,REDIRECT
/รับซื้อกล้อง-sony/,INDEX
/รับซื้อกล้อง-ยโสธร/,INDEX
/รับซื้อกล้อง-รับซื้อกล้/,REDIRECT
/รับซื้อกล้อง-รับซื้อเลน/,HOLD_NOINDEX
/รับซื้อกล้อง-ใกล้ฉัน/,HOLD_NOINDEX
/รับซื้อกล้อง-ให้ราคาสูง/,REDIRECT
/รับซื้อกล้อง/,INDEX
/รับซื้อกล้องถ่ายรูป-ศรี/,INDEX
/รับซื้อกล้องถ่ายรูป/,REDIRECT
/รับซื้อกล้องถ่ายรูปจัง/,INDEX
/รับซื้อกล้องนครราชสีมา/,HOLD_NOINDEX
/รับซื้อกล้องมือสอง-กาฬ-2/,GONE
/รับซื้อกล้องมือสอง-ขอน-2/,GONE
/รับซื้อกล้องมือสอง-บริก/,INDEX
/รับซื้อกล้องมือสอง-บุรี/,REDIRECT
/รับซื้อกล้องมือสอง-ร้อ-2/,GONE
/รับซื้อกล้องมือสอง-อำน-2/,GONE
/รับซื้อกล้องมือสองกาฬ/,HOLD_NOINDEX
/รับซื้อกล้องมือสองขอนแ/,HOLD_NOINDEX
/รับซื้อกล้องมือสองนครร/,HOLD_NOINDEX
/รับซื้อกล้องมือสองบึง/,HOLD_NOINDEX
/รับซื้อกล้องมือสองบุรี/,HOLD_NOINDEX
/รับซื้อกล้องมือสองมหา/,HOLD_NOINDEX
/รับซื้อกล้องมือสองมุก/,INDEX
/รับซื้อกล้องมือสองมุกด/,HOLD_NOINDEX
/รับซื้อกล้องมือสองยโสธ/,HOLD_NOINDEX
/รับซื้อกล้องมือสองศรี/,HOLD_NOINDEX
/รับซื้อกล้องมือสองสุร/,INDEX
/รับซื้อกล้องมือสองหนอ/,HOLD_NOINDEX
/รับซื้อกล้องมือสองอุดร/,HOLD_NOINDEX
/รับซื้อกล้องมือสองอุบล/,HOLD_NOINDEX
/รับซื้อกล้องอุบล-กล้องcanon-niko/,INDEX
/รับซื้อกล้องเลนส์/,HOLD_NOINDEX
/รับซื้อการ์ดจอ/,DRAFT
/รับซื้อคอม-ขอนแก่น/,INDEX
/รับซื้อคอม-ศรีสะเกษ/,INDEX
/รับซื้อคอม-สายไหม/,INDEX
/รับซื้อคอม-สารคาม/,INDEX
/รับซื้อคอม-อุดรธานี/,INDEX
/รับซื้อคอม-ใกล้ฉัน/,REDIRECT
/รับซื้อคอม/,INDEX
/รับซื้อคอมประกอบ-ใกล้ฉัน/,REDIRECT
/รับซื้อคอมประกอบ/,INDEX
/รับซื้อคอมพิวเตอร์-ภูเก/,REDIRECT
/รับซื้อซากคอมพิวเตอร์/,INDEX
/รับซื้อตั๋วจำนำ/,GONE
/รับซื้อตั๋วจำนำกมลาไสย/,GONE
/รับซื้อตั๋วจำนำกันทรลั/,GONE
/รับซื้อตั๋วจำนำกันทรวิ/,GONE
/รับซื้อตั๋วจำนำขุขันธ์/,GONE
/รับซื้อตั๋วจำนำคำชะอี/,GONE
/รับซื้อตั๋วจำนำคำเขื่อ/,GONE
/รับซื้อตั๋วจำนำจัตุรัส/,GONE
/รับซื้อตั๋วจำนำชานุมาน/,GONE
/รับซื้อตั๋วจำนำชุมแพ/,GONE
/รับซื้อตั๋วจำนำท่าบ่อ/,GONE
/รับซื้อตั๋วจำนำธวัชบุร/,GONE
/รับซื้อตั๋วจำนำธาตุพนม/,GONE
/รับซื้อตั๋วจำนำนากลาง/,GONE
/รับซื้อตั๋วจำนำนางรอง/,GONE
/รับซื้อตั๋วจำนำนิคมคำส/,GONE
/รับซื้อตั๋วจำนำบ้านผือ/,GONE
/รับซื้อตั๋วจำนำบ้านเขว/,GONE
/รับซื้อตั๋วจำนำบ้านไผ่/,GONE
/รับซื้อตั๋วจำนำปทุมราช/,GONE
/รับซื้อตั๋วจำนำประโคนช/,GONE
/รับซื้อตั๋วจำนำปราสาท/,GONE
/รับซื้อตั๋วจำนำปากช่อง/,GONE
/รับซื้อตั๋วจำนำพรเจริญ/,GONE
/รับซื้อตั๋วจำนำมหาชนะช/,GONE
/รับซื้อตั๋วจำนำยางตลาด/,GONE
/รับซื้อตั๋วจำนำรัตนบุร/,GONE
/รับซื้อตั๋วจำนำวังสะพุ/,GONE
/รับซื้อตั๋วจำนำวาริชภู/,GONE
/รับซื้อตั๋วจำนำวารินชำ/,GONE
/รับซื้อตั๋วจำนำศรีบุญเ/,GONE
/รับซื้อตั๋วจำนำศรีเชีย/,GONE
/รับซื้อตั๋วจำนำหนองหาน/,GONE
/รับซื้อตั๋วจำนำอากาศอำ/,GONE
/รับซื้อตั๋วจำนำเชียงคา/,GONE
/รับซื้อตั๋วจำนำเซกา/,GONE
/รับซื้อตั๋วจำนำเดชอุดม/,GONE
/รับซื้อตั๋วจำนำเมืองกา/,GONE
/รับซื้อตั๋วจำนำเมืองขอ/,GONE
/รับซื้อตั๋วจำนำเมืองชั/,GONE
/รับซื้อตั๋วจำนำเมืองนค-2/,GONE
/รับซื้อตั๋วจำนำเมืองนค/,GONE
/รับซื้อตั๋วจำนำเมืองบึ/,GONE
/รับซื้อตั๋วจำนำเมืองบุ/,GONE
/รับซื้อตั๋วจำนำเมืองมห/,GONE
/รับซื้อตั๋วจำนำเมืองมุ/,GONE
/รับซื้อตั๋วจำนำเมืองยโ/,GONE
/รับซื้อตั๋วจำนำเมืองร้/,GONE
/รับซื้อตั๋วจำนำเมืองศร/,GONE
/รับซื้อตั๋วจำนำเมืองสก/,GONE
/รับซื้อตั๋วจำนำเมืองสุ/,GONE
/รับซื้อตั๋วจำนำเมืองหน-2/,GONE
/รับซื้อตั๋วจำนำเมืองหน/,GONE
/รับซื้อตั๋วจำนำเมืองอำ/,GONE
/รับซื้อตั๋วจำนำเมืองอุ-2/,GONE
/รับซื้อตั๋วจำนำเมืองอุ/,GONE
/รับซื้อตั๋วจำนำเมืองเล/,GONE
/รับซื้อตั๋วจำนำเรณูนคร/,GONE
/รับซื้อตั๋วจำนำโกสุมพิ/,GONE
/รับซื้อตั๋วจำนำโนนสูง/,GONE
/รับซื้อตั๋วจำนำโพนทอง/,GONE
/รับซื้อมือถือ-อุบล/,INDEX
/รับซื้อมือถือ-ใกล้ฉัน-มห/,GONE
/รับซื้อมือถือใกล้ฉัน-ขอ/,REDIRECT
/รับซื้อมือถือใกล้ฉัน-อุ/,REDIRECT
/รับซื้อลำโพง-ยโสธร/,INDEX
/รับซื้อลำโพง-ร้อยเอ็ด-jbl-marshall/,INDEX
/รับซื้อลำโพง-สารคาม/,INDEX
/รับซื้อลำโพง-อุดรธานี/,INDEX
/รับซื้อลำโพง-ใกล้ฉัน/,REDIRECT
/รับซื้อลำโพง/,INDEX
/รับซื้อสมาร์ทโฟน-android-ใกล้ฉัน/,REDIRECT
/รับซื้อสมาร์ทโฟน-android/,INDEX
/รับซื้อเครื่องเกม-ใกล้ฉัน/,REDIRECT
/รับซื้อเครื่องเกม/,INDEX
/รับซื้อเมืองขอนแก่น/,INDEX
/รับซื้อเมืองศรีสะเกษ/,INDEX
/รับซื้อเมืองอุดรธานี/,INDEX
/รับซื้อเหรียญญี่ปุ่น-รั/,GONE
/รับซื้อเหล้า-100-pipers/,GONE
/รับซื้อเหล้า-black-label/,GONE
/รับซื้อเหล้า-blue-label/,GONE
/รับซื้อเหล้า-jack-danails/,GONE
/รับซื้อเหล้า-jameson/,GONE
/รับซื้อเหล้า-อำเภอกระทุ/,GONE
/รับซื้อเหล้า-อำเภอกำแพง/,GONE
/รับซื้อเหล้า-อำเภอคลองห/,GONE
/รับซื้อเหล้า-อำเภอดอนตู/,GONE
/รับซื้อเหล้า-อำเภอธัญบุ/,GONE
/รับซื้อเหล้า-อำเภอนครชั/,GONE
/รับซื้อเหล้า-อำเภอบางกร/,GONE
/รับซื้อเหล้า-อำเภอบางบั/,GONE
/รับซื้อเหล้า-อำเภอบางบ่/,GONE
/รับซื้อเหล้า-อำเภอบางพล/,GONE
/รับซื้อเหล้า-อำเภอบางเล/,GONE
/รับซื้อเหล้า-อำเภอบางเส/,GONE
/รับซื้อเหล้า-อำเภอบางให/,GONE
/รับซื้อเหล้า-อำเภอบ้านแ/,GONE
/รับซื้อเหล้า-อำเภอปากเก/,GONE
/รับซื้อเหล้า-อำเภอพระปร/,GONE
/รับซื้อเหล้า-อำเภอพระสม/,GONE
/รับซื้อเหล้า-อำเภอพุทธม/,GONE
/รับซื้อเหล้า-อำเภอลาดหล/,GONE
/รับซื้อเหล้า-อำเภอลำลูก/,GONE
/รับซื้อเหล้า-อำเภอสามพร/,GONE
/รับซื้อเหล้า-อำเภอสามโค/,GONE
/รับซื้อเหล้า-อำเภอหนองเ/,GONE
/รับซื้อเหล้า-อำเภอเมือ-2/,GONE
/รับซื้อเหล้า-อำเภอเมือ-3/,GONE
/รับซื้อเหล้า-อำเภอเมือ-4/,GONE
/รับซื้อเหล้า-อำเภอเมือ-5/,GONE
/รับซื้อเหล้า-อำเภอเมือง/,GONE
/รับซื้อเหล้า-อำเภอไทรน้/,GONE
/รับซื้อเหล้า-เขตคลองสาน/,GONE
/รับซื้อเหล้า-เขตคลองสาม/,GONE
/รับซื้อเหล้า-เขตคลองเตย/,GONE
/รับซื้อเหล้า-เขตคันนายา/,GONE
/รับซื้อเหล้า-เขตจตุจักร/,GONE
/รับซื้อเหล้า-เขตจอมทอง/,GONE
/รับซื้อเหล้า-เขตดอนเมือ/,GONE
/รับซื้อเหล้า-เขตดินแดง/,GONE
/รับซื้อเหล้า-เขตดุสิต/,GONE
/รับซื้อเหล้า-เขตตลิ่งชั/,GONE
/รับซื้อเหล้า-เขตทวีวัฒน/,GONE
/รับซื้อเหล้า-เขตทุ่งครุ/,GONE
/รับซื้อเหล้า-เขตธนบุรี/,GONE
/รับซื้อเหล้า-เขตบางกอกน/,GONE
/รับซื้อเหล้า-เขตบางกอกใ/,GONE
/รับซื้อเหล้า-เขตบางกะปิ/,GONE
/รับซื้อเหล้า-เขตบางขุนเ/,GONE
/รับซื้อเหล้า-เขตบางคอแห/,GONE
/รับซื้อเหล้า-เขตบางซื่อ/,GONE
/รับซื้อเหล้า-เขตบางนา/,GONE
/รับซื้อเหล้า-เขตบางบอน/,GONE
/รับซื้อเหล้า-เขตบางพลัด/,GONE
/รับซื้อเหล้า-เขตบางรัก/,GONE
/รับซื้อเหล้า-เขตบางเขน/,GONE
/รับซื้อเหล้า-เขตบางแค/,GONE
/รับซื้อเหล้า-เขตบึงกุ่ม/,GONE
/รับซื้อเหล้า-เขตปทุมวัน/,GONE
/รับซื้อเหล้า-เขตประเวศ/,GONE
/รับซื้อเหล้า-เขตป้อมปรา/,GONE
/รับซื้อเหล้า-เขตพญาไท/,GONE
/รับซื้อเหล้า-เขตพระนคร/,GONE
/รับซื้อเหล้า-เขตพระโขนง/,GONE
/รับซื้อเหล้า-เขตภาษีเจร/,GONE
/รับซื้อเหล้า-เขตมีนบุรี/,GONE
/รับซื้อเหล้า-เขตยานนาวา/,GONE
/รับซื้อเหล้า-เขตราชเทวี/,GONE
/รับซื้อเหล้า-เขตราษฎร์บ/,GONE
/รับซื้อเหล้า-เขตลาดกระบ/,GONE
/รับซื้อเหล้า-เขตลาดพร้า/,GONE
/รับซื้อเหล้า-เขตวังทองห/,GONE
/รับซื้อเหล้า-เขตวัฒนา/,GONE
/รับซื้อเหล้า-เขตสวนหลวง/,GONE
/รับซื้อเหล้า-เขตสะพานสู/,GONE
/รับซื้อเหล้า-เขตสัมพันธ/,GONE
/รับซื้อเหล้า-เขตสาทร/,GONE
/รับซื้อเหล้า-เขตสายไหม/,GONE
/รับซื้อเหล้า-เขตหนองจอก/,GONE
/รับซื้อเหล้า-เขตหนองแขม/,GONE
/รับซื้อเหล้า-เขตหลักสี่/,GONE
/รับซื้อเหล้า-เขตห้วยขวา/,GONE
/รับซื้อเหล้า-ใกล้ฉัน/,GONE
/รับซื้อเหล้า/,GONE
/รับซื้อเหล้าซีวาส-chivas/,GONE
/รับซื้อเหล้ารีเจนซี่/,GONE
/รับซื้อเหล้าเก่า-รับซื้/,GONE
/รับซื้อเหล้าเรด-เลเบิ้ล/,GONE
/รับซื้อเหล้าเฮนเนสซี่-hennessy/,GONE
/รับซื้อแมคบุ๊ค-macbook-ยโสธร/,REDIRECT
/รับซื้อแมคบุ๊ค-macbook/,REDIRECT
/รับซื้อแมคบุ๊ค-ใกล้ฉัน/,REDIRECT
/รับซื้อแมคบุ๊ค/,INDEX
/รับซื้อแม็คบุ๊ค-macbook/,REDIRECT
/รับซื้อแรม/,DRAFT
/รับซื้อโทรศัพท์-มือถือ-ย/,INDEX
/รับซื้อโทรศัพท์-อุบล/,REDIRECT
/รับซื้อโทรศัพท์มือถือ-จ/,INDEX
/รับซื้อโน๊ตบุ๊ค-acer/,INDEX
/รับซื้อโน๊ตบุ๊ค-asus/,INDEX
/รับซื้อโน๊ตบุ๊ค-dell/,INDEX
/รับซื้อโน๊ตบุ๊ค-lenovo/,INDEX
/รับซื้อโน๊ตบุ๊ค-notebook-ยโสธร/,INDEX
/รับซื้อโน๊ตบุ๊ค-notebook/,REDIRECT
/รับซื้อโน๊ตบุ๊ค-กาฬสินธ/,INDEX
/รับซื้อโน๊ตบุ๊ค-ขอนแก่น/,INDEX
/รับซื้อโน๊ตบุ๊ค-จังหวัด/,INDEX
/รับซื้อโน๊ตบุ๊ค-ชัยภูมิ/,INDEX
/รับซื้อโน๊ตบุ๊ค-นครพนม/,INDEX
/รับซื้อโน๊ตบุ๊ค-นครราชส/,INDEX
/รับซื้อโน๊ตบุ๊ค-บึงกาฬ/,INDEX
/รับซื้อโน๊ตบุ๊ค-บุรีรัม/,INDEX
/รับซื้อโน๊ตบุ๊ค-ร้อยเอ็/,INDEX
/รับซื้อโน๊ตบุ๊ค-ศรีสะเ-2/,INDEX
/รับซื้อโน๊ตบุ๊ค-ศรีสะเก/,REDIRECT
/รับซื้อโน๊ตบุ๊ค-สกลนคร/,INDEX
/รับซื้อโน๊ตบุ๊ค-หนองบัว/,INDEX
/รับซื้อโน๊ตบุ๊ค-อุดรธาน/,INDEX
/รับซื้อโน๊ตบุ๊ค-เลย/,INDEX
/รับซื้อโน๊ตบุ๊ค-ใกล้ฉัน/,REDIRECT
/รับซื้อโน๊ตบุ๊ค/,INDEX
/รับซื้อโน๊ตบุ๊คมือสอง-อ/,GONE
/รับซื้อโน๊ตบุ๊คอุบล-notebook-laptop-จ/,INDEX
/รับซื้อโมเดล-อุบล-รับซื้/,GONE
/รับซื้อไอแพด-ยโสธร-ipad/,INDEX
/รับซื้อไอแพด-อุบล/,INDEX
/รับซื้อไอแพด-ใกล้ฉัน/,REDIRECT
/รับซื้อไอแพด/,INDEX
/รับซื้อไอโฟน-15-iphone-15/,REDIRECT
/รับซื้อไอโฟน-iphone-ร้อยเอ็ด/,INDEX
/รับซื้อไอโฟน-iphone-อุบล/,HOLD_NOINDEX
/รับซื้อไอโฟน-ขอนแก่น/,HOLD_NOINDEX
/รับซื้อไอโฟน-จังหวัดอุด/,HOLD_NOINDEX
/รับซื้อไอโฟน-มหาสารคาม/,INDEX
/รับซื้อไอโฟน-ยโสธร/,HOLD_NOINDEX
/รับซื้อไอโฟน-ใกล้ฉัน/,REDIRECT
/รับซื้อไอโฟน/,INDEX
/รับซื้อไอโฟนใกล้ฉัน/,REDIRECT
/ราคากลางรับซื้อ/,HOLD_NOINDEX
/รุ่น/,DRAFT
/ร้านจำนำในอุบล/,GONE
/ร้านรับจำนำมือถือใกล้ฉ/,GONE
/ร้านรับจำนำยโสธร/,GONE
/ร้านรับจํานําลําโพงบลู/,GONE
/ร้านรับซื้อโน๊ตบุ๊คอุบ-2/,HOLD_NOINDEX
/ร้านรับซื้อโน๊ตบุ๊คในอ/,HOLD_NOINDEX
/สภาพ/,DRAFT
/สภาพสินค้า/ควรซ่อมก่อนขายไหม/,INDEX
/สภาพสินค้า/จอแตก/,INDEX
/สภาพสินค้า/เปิดไม่ติด/,INDEX
/สภาพสินค้า/แบตเสื่อม/,INDEX
/สภาพสินค้า/ไม่มีอุปกรณ์/,INDEX
/อันดับ-1-รับจำนำกล้อง-อุบ/,GONE
/อุบล-รับจำนำ-จำนำมือถือ/,GONE
/เกี่ยวกับเรา/,HOLD_NOINDEX
/เช็กราคาก่อนขาย/,INDEX
