path,url,lastmod,lastmodSource,gscPriority
/,https://xn--c3c3a0aa6cvaf8b9dze.com/,2026-09-04,MANIFEST_SIGNIFICANT_UPDATE,critical
/เกี่ยวกับเรา/,https://xn--c3c3a0aa6cvaf8b9dze.com/เกี่ยวกับเรา/,2026-09-04,MANIFEST_SIGNIFICANT_UPDATE,high
/ความน่าเชื่อถือ/,https://xn--c3c3a0aa6cvaf8b9dze.com/ความน่าเชื่อถือ/,2026-09-04,MANIFEST_SIGNIFICANT_UPDATE,high
/เช็กราคาก่อนขาย/,https://xn--c3c3a0aa6cvaf8b9dze.com/เช็กราคาก่อนขาย/,2026-09-04,MANIFEST_SIGNIFICANT_UPDATE,critical
/รับซื้อ/,https://xn--c3c3a0aa6cvaf8b9dze.com/รับซื้อ/,,OMITTED_NO_VERIFIED_DATE,critical
/รับซื้อกล้อง/,https://xn--c3c3a0aa6cvaf8b9dze.com/รับซื้อกล้อง/,2026-09-04,MANIFEST_SIGNIFICANT_UPDATE,critical
/รับซื้อกล้องถ่ายรูปจัง/,https://xn--c3c3a0aa6cvaf8b9dze.com/รับซื้อกล้องถ่ายรูปจัง/,2026-09-04,CONTENT_FRONTMATTER,high
/รับซื้อกล้องถ่ายรูป-ศรี/,https://xn--c3c3a0aa6cvaf8b9dze.com/รับซื้อกล้องถ่ายรูป-ศรี/,,OMITTED_NO_VERIFIED_DATE,high
/รับซื้อกล้องมือสอง-บริก/,https://xn--c3c3a0aa6cvaf8b9dze.com/รับซื้อกล้องมือสอง-บริก/,2026-09-04,CONTENT_FRONTMATTER,high
/รับซื้อกล้องมือสองมุก/,https://xn--c3c3a0aa6cvaf8b9dze.com/รับซื้อกล้องมือสองมุก/,,OMITTED_NO_VERIFIED_DATE,high
/รับซื้อกล้องมือสองสุร/,https://xn--c3c3a0aa6cvaf8b9dze.com/รับซื้อกล้องมือสองสุร/,,OMITTED_NO_VERIFIED_DATE,high
/รับซื้อกล้อง-ยโสธร/,https://xn--c3c3a0aa6cvaf8b9dze.com/รับซื้อกล้อง-ยโสธร/,,OMITTED_NO_VERIFIED_DATE,high
/รับซื้อกล้องอุบล-กล้องcanon-niko/,https://xn--c3c3a0aa6cvaf8b9dze.com/รับซื้อกล้องอุบล-กล้องcanon-niko/,,OMITTED_NO_VERIFIED_DATE,high
/รับซื้อกล้อง-canon/,https://xn--c3c3a0aa6cvaf8b9dze.com/รับซื้อกล้อง-canon/,2026-09-04,CONTENT_FRONTMATTER,normal
/รับซื้อกล้อง-fujifilm-ฟูจิฟิล์ม/,https://xn--c3c3a0aa6cvaf8b9dze.com/รับซื้อกล้อง-fujifilm-ฟูจิฟิล์ม/,2026-09-04,CONTENT_FRONTMATTER,high
/รับซื้อกล้อง-nikon/,https://xn--c3c3a0aa6cvaf8b9dze.com/รับซื้อกล้อง-nikon/,2026-09-04,CONTENT_FRONTMATTER,normal
/รับซื้อกล้อง-sony/,https://xn--c3c3a0aa6cvaf8b9dze.com/รับซื้อกล้อง-sony/,2026-09-04,CONTENT_FRONTMATTER,normal
/รับซื้อกล้อง-sony-a7/,https://xn--c3c3a0aa6cvaf8b9dze.com/รับซื้อกล้อง-sony-a7/,2026-09-04,CONTENT_FRONTMATTER,normal
/รับซื้อคอม/,https://xn--c3c3a0aa6cvaf8b9dze.com/รับซื้อคอม/,2026-09-04,MANIFEST_SIGNIFICANT_UPDATE,critical
/รับซื้อคอม-ขอนแก่น/,https://xn--c3c3a0aa6cvaf8b9dze.com/รับซื้อคอม-ขอนแก่น/,,OMITTED_NO_VERIFIED_DATE,high
/รับซื้อคอมประกอบ/,https://xn--c3c3a0aa6cvaf8b9dze.com/รับซื้อคอมประกอบ/,,OMITTED_NO_VERIFIED_DATE,high
/รับซื้อคอม-ศรีสะเกษ/,https://xn--c3c3a0aa6cvaf8b9dze.com/รับซื้อคอม-ศรีสะเกษ/,2026-09-04,CONTENT_FRONTMATTER,high
/รับซื้อคอม-สายไหม/,https://xn--c3c3a0aa6cvaf8b9dze.com/รับซื้อคอม-สายไหม/,2026-09-04,CONTENT_FRONTMATTER,high
/รับซื้อคอม-สารคาม/,https://xn--c3c3a0aa6cvaf8b9dze.com/รับซื้อคอม-สารคาม/,,OMITTED_NO_VERIFIED_DATE,high
/รับซื้อคอม-อุดรธานี/,https://xn--c3c3a0aa6cvaf8b9dze.com/รับซื้อคอม-อุดรธานี/,,OMITTED_NO_VERIFIED_DATE,high
/รับซื้อเครื่องเกม/,https://xn--c3c3a0aa6cvaf8b9dze.com/รับซื้อเครื่องเกม/,,OMITTED_NO_VERIFIED_DATE,high
/รับซื้อซากคอมพิวเตอร์/,https://xn--c3c3a0aa6cvaf8b9dze.com/รับซื้อซากคอมพิวเตอร์/,,OMITTED_NO_VERIFIED_DATE,high
/รับซื้อโทรศัพท์มือถือ-จ/,https://xn--c3c3a0aa6cvaf8b9dze.com/รับซื้อโทรศัพท์มือถือ-จ/,,OMITTED_NO_VERIFIED_DATE,high
/รับซื้อโทรศัพท์-มือถือ-ย/,https://xn--c3c3a0aa6cvaf8b9dze.com/รับซื้อโทรศัพท์-มือถือ-ย/,,OMITTED_NO_VERIFIED_DATE,high
/รับซื้อโน๊ตบุ๊ค/,https://xn--c3c3a0aa6cvaf8b9dze.com/รับซื้อโน๊ตบุ๊ค/,2026-09-04,MANIFEST_SIGNIFICANT_UPDATE,critical
/รับซื้อโน๊ตบุ๊ค-กาฬสินธ/,https://xn--c3c3a0aa6cvaf8b9dze.com/รับซื้อโน๊ตบุ๊ค-กาฬสินธ/,,OMITTED_NO_VERIFIED_DATE,high
/รับซื้อโน๊ตบุ๊ค-ขอนแก่น/,https://xn--c3c3a0aa6cvaf8b9dze.com/รับซื้อโน๊ตบุ๊ค-ขอนแก่น/,,OMITTED_NO_VERIFIED_DATE,high
/รับซื้อโน๊ตบุ๊ค-จังหวัด/,https://xn--c3c3a0aa6cvaf8b9dze.com/รับซื้อโน๊ตบุ๊ค-จังหวัด/,2026-09-04,CONTENT_FRONTMATTER,high
/รับซื้อโน๊ตบุ๊ค-ชัยภูมิ/,https://xn--c3c3a0aa6cvaf8b9dze.com/รับซื้อโน๊ตบุ๊ค-ชัยภูมิ/,,OMITTED_NO_VERIFIED_DATE,high
/รับซื้อโน๊ตบุ๊ค-นครพนม/,https://xn--c3c3a0aa6cvaf8b9dze.com/รับซื้อโน๊ตบุ๊ค-นครพนม/,,OMITTED_NO_VERIFIED_DATE,high
/รับซื้อโน๊ตบุ๊ค-นครราชส/,https://xn--c3c3a0aa6cvaf8b9dze.com/รับซื้อโน๊ตบุ๊ค-นครราชส/,,OMITTED_NO_VERIFIED_DATE,high
/รับซื้อโน๊ตบุ๊ค-บึงกาฬ/,https://xn--c3c3a0aa6cvaf8b9dze.com/รับซื้อโน๊ตบุ๊ค-บึงกาฬ/,2026-09-04,CONTENT_FRONTMATTER,high
/รับซื้อโน๊ตบุ๊ค-บุรีรัม/,https://xn--c3c3a0aa6cvaf8b9dze.com/รับซื้อโน๊ตบุ๊ค-บุรีรัม/,,OMITTED_NO_VERIFIED_DATE,high
/รับซื้อโน๊ตบุ๊ค-ร้อยเอ็/,https://xn--c3c3a0aa6cvaf8b9dze.com/รับซื้อโน๊ตบุ๊ค-ร้อยเอ็/,,OMITTED_NO_VERIFIED_DATE,high
/รับซื้อโน๊ตบุ๊ค-เลย/,https://xn--c3c3a0aa6cvaf8b9dze.com/รับซื้อโน๊ตบุ๊ค-เลย/,,OMITTED_NO_VERIFIED_DATE,high
/รับซื้อโน๊ตบุ๊ค-ศรีสะเ-2/,https://xn--c3c3a0aa6cvaf8b9dze.com/รับซื้อโน๊ตบุ๊ค-ศรีสะเ-2/,2026-09-04,CONTENT_FRONTMATTER,high
/รับซื้อโน๊ตบุ๊ค-สกลนคร/,https://xn--c3c3a0aa6cvaf8b9dze.com/รับซื้อโน๊ตบุ๊ค-สกลนคร/,,OMITTED_NO_VERIFIED_DATE,high
/รับซื้อโน๊ตบุ๊ค-หนองบัว/,https://xn--c3c3a0aa6cvaf8b9dze.com/รับซื้อโน๊ตบุ๊ค-หนองบัว/,,OMITTED_NO_VERIFIED_DATE,high
/รับซื้อโน๊ตบุ๊ค-อุดรธาน/,https://xn--c3c3a0aa6cvaf8b9dze.com/รับซื้อโน๊ตบุ๊ค-อุดรธาน/,,OMITTED_NO_VERIFIED_DATE,high
/รับซื้อโน๊ตบุ๊คอุบล-notebook-laptop-จ/,https://xn--c3c3a0aa6cvaf8b9dze.com/รับซื้อโน๊ตบุ๊คอุบล-notebook-laptop-จ/,,OMITTED_NO_VERIFIED_DATE,high
/รับซื้อโน๊ตบุ๊ค-acer/,https://xn--c3c3a0aa6cvaf8b9dze.com/รับซื้อโน๊ตบุ๊ค-acer/,2026-09-04,CONTENT_FRONTMATTER,normal
/รับซื้อโน๊ตบุ๊ค-asus/,https://xn--c3c3a0aa6cvaf8b9dze.com/รับซื้อโน๊ตบุ๊ค-asus/,2026-09-04,CONTENT_FRONTMATTER,normal
/รับซื้อโน๊ตบุ๊ค-dell/,https://xn--c3c3a0aa6cvaf8b9dze.com/รับซื้อโน๊ตบุ๊ค-dell/,2026-09-04,CONTENT_FRONTMATTER,normal
/รับซื้อโน๊ตบุ๊ค-lenovo/,https://xn--c3c3a0aa6cvaf8b9dze.com/รับซื้อโน๊ตบุ๊ค-lenovo/,2026-09-04,CONTENT_FRONTMATTER,normal
/รับซื้อโน๊ตบุ๊ค-notebook-ยโสธร/,https://xn--c3c3a0aa6cvaf8b9dze.com/รับซื้อโน๊ตบุ๊ค-notebook-ยโสธร/,,OMITTED_NO_VERIFIED_DATE,high
/รับซื้อมือถือ-อุบล/,https://xn--c3c3a0aa6cvaf8b9dze.com/รับซื้อมือถือ-อุบล/,,OMITTED_NO_VERIFIED_DATE,high
/รับซื้อเมืองขอนแก่น/,https://xn--c3c3a0aa6cvaf8b9dze.com/รับซื้อเมืองขอนแก่น/,,OMITTED_NO_VERIFIED_DATE,high
/รับซื้อเมืองศรีสะเกษ/,https://xn--c3c3a0aa6cvaf8b9dze.com/รับซื้อเมืองศรีสะเกษ/,2026-09-04,CONTENT_FRONTMATTER,high
/รับซื้อเมืองอุดรธานี/,https://xn--c3c3a0aa6cvaf8b9dze.com/รับซื้อเมืองอุดรธานี/,2026-09-04,CONTENT_FRONTMATTER,high
/รับซื้อแมคบุ๊ค/,https://xn--c3c3a0aa6cvaf8b9dze.com/รับซื้อแมคบุ๊ค/,2026-09-04,MANIFEST_SIGNIFICANT_UPDATE,critical
/รับซื้อลำโพง/,https://xn--c3c3a0aa6cvaf8b9dze.com/รับซื้อลำโพง/,,OMITTED_NO_VERIFIED_DATE,critical
/รับซื้อลำโพง-ยโสธร/,https://xn--c3c3a0aa6cvaf8b9dze.com/รับซื้อลำโพง-ยโสธร/,,OMITTED_NO_VERIFIED_DATE,high
/รับซื้อลำโพง-ร้อยเอ็ด-jbl-marshall/,https://xn--c3c3a0aa6cvaf8b9dze.com/รับซื้อลำโพง-ร้อยเอ็ด-jbl-marshall/,,OMITTED_NO_VERIFIED_DATE,high
/รับซื้อลำโพง-สารคาม/,https://xn--c3c3a0aa6cvaf8b9dze.com/รับซื้อลำโพง-สารคาม/,2026-07-10,CONTENT_FRONTMATTER,high
/รับซื้อลำโพง-อุดรธานี/,https://xn--c3c3a0aa6cvaf8b9dze.com/รับซื้อลำโพง-อุดรธานี/,2026-07-10,CONTENT_FRONTMATTER,high
/รับซื้อสมาร์ทโฟน-android/,https://xn--c3c3a0aa6cvaf8b9dze.com/รับซื้อสมาร์ทโฟน-android/,,OMITTED_NO_VERIFIED_DATE,medium
/รับซื้อไอแพด/,https://xn--c3c3a0aa6cvaf8b9dze.com/รับซื้อไอแพด/,2026-09-04,MANIFEST_SIGNIFICANT_UPDATE,critical
/รับซื้อไอแพด-ยโสธร-ipad/,https://xn--c3c3a0aa6cvaf8b9dze.com/รับซื้อไอแพด-ยโสธร-ipad/,,OMITTED_NO_VERIFIED_DATE,high
/รับซื้อไอแพด-อุบล/,https://xn--c3c3a0aa6cvaf8b9dze.com/รับซื้อไอแพด-อุบล/,2026-09-04,CONTENT_FRONTMATTER,high
/รับซื้อไอโฟน/,https://xn--c3c3a0aa6cvaf8b9dze.com/รับซื้อไอโฟน/,2026-09-04,MANIFEST_SIGNIFICANT_UPDATE,critical
/รับซื้อไอโฟน-มหาสารคาม/,https://xn--c3c3a0aa6cvaf8b9dze.com/รับซื้อไอโฟน-มหาสารคาม/,,OMITTED_NO_VERIFIED_DATE,high
/รับซื้อไอโฟน-iphone-ร้อยเอ็ด/,https://xn--c3c3a0aa6cvaf8b9dze.com/รับซื้อไอโฟน-iphone-ร้อยเอ็ด/,,OMITTED_NO_VERIFIED_DATE,high
/รับซื้อ-apple-watch/,https://xn--c3c3a0aa6cvaf8b9dze.com/รับซื้อ-apple-watch/,,OMITTED_NO_VERIFIED_DATE,medium
/รับซื้อ-ipad-air/,https://xn--c3c3a0aa6cvaf8b9dze.com/รับซื้อ-ipad-air/,2026-09-04,CONTENT_FRONTMATTER,normal
/รับซื้อ-ipad-pro/,https://xn--c3c3a0aa6cvaf8b9dze.com/รับซื้อ-ipad-pro/,2026-09-04,CONTENT_FRONTMATTER,normal
/รับซื้อ-iphone-13/,https://xn--c3c3a0aa6cvaf8b9dze.com/รับซื้อ-iphone-13/,2026-09-04,CONTENT_FRONTMATTER,normal
/รับซื้อ-iphone-14/,https://xn--c3c3a0aa6cvaf8b9dze.com/รับซื้อ-iphone-14/,2026-09-04,CONTENT_FRONTMATTER,normal
/รับซื้อ-iphone-15/,https://xn--c3c3a0aa6cvaf8b9dze.com/รับซื้อ-iphone-15/,2026-09-04,CONTENT_FRONTMATTER,normal
/รับซื้อmacbook-อุดรธานี/,https://xn--c3c3a0aa6cvaf8b9dze.com/รับซื้อmacbook-อุดรธานี/,,OMITTED_NO_VERIFIED_DATE,high
/รับซื้อ-macbook-air/,https://xn--c3c3a0aa6cvaf8b9dze.com/รับซื้อ-macbook-air/,2026-09-04,CONTENT_FRONTMATTER,normal
/รับซื้อ-macbook-pro/,https://xn--c3c3a0aa6cvaf8b9dze.com/รับซื้อ-macbook-pro/,2026-09-04,CONTENT_FRONTMATTER,normal
/รับซื้อ-notebook-ชุมแพ-ขอนแก่น/,https://xn--c3c3a0aa6cvaf8b9dze.com/รับซื้อ-notebook-ชุมแพ-ขอนแก่น/,,OMITTED_NO_VERIFIED_DATE,high
/รับซื้อ-notebook-อำเภอพล-ขอนแก่น/,https://xn--c3c3a0aa6cvaf8b9dze.com/รับซื้อ-notebook-อำเภอพล-ขอนแก่น/,,OMITTED_NO_VERIFIED_DATE,high
/รับซื้อ-samsung-galaxy/,https://xn--c3c3a0aa6cvaf8b9dze.com/รับซื้อ-samsung-galaxy/,2026-09-04,CONTENT_FRONTMATTER,normal
/รับซื้อ-server/,https://xn--c3c3a0aa6cvaf8b9dze.com/รับซื้อ-server/,,OMITTED_NO_VERIFIED_DATE,high
/สภาพสินค้า/ควรซ่อมก่อนขายไหม/,https://xn--c3c3a0aa6cvaf8b9dze.com/สภาพสินค้า/ควรซ่อมก่อนขายไหม/,2026-09-04,CONTENT_FRONTMATTER,normal
/สภาพสินค้า/จอแตก/,https://xn--c3c3a0aa6cvaf8b9dze.com/สภาพสินค้า/จอแตก/,2026-09-04,CONTENT_FRONTMATTER,normal
/สภาพสินค้า/แบตเสื่อม/,https://xn--c3c3a0aa6cvaf8b9dze.com/สภาพสินค้า/แบตเสื่อม/,2026-09-04,CONTENT_FRONTMATTER,normal
/สภาพสินค้า/เปิดไม่ติด/,https://xn--c3c3a0aa6cvaf8b9dze.com/สภาพสินค้า/เปิดไม่ติด/,2026-09-04,CONTENT_FRONTMATTER,normal
/สภาพสินค้า/ไม่มีอุปกรณ์/,https://xn--c3c3a0aa6cvaf8b9dze.com/สภาพสินค้า/ไม่มีอุปกรณ์/,2026-09-04,CONTENT_FRONTMATTER,normal
/contact/,https://xn--c3c3a0aa6cvaf8b9dze.com/contact/,,OMITTED_NO_VERIFIED_DATE,critical
